Workbook

Sheet Sheet1
A1: 00:02:47,280 --> 00:02:54,680 | E1: A1 | F1: 46007.228 | G1: =LEFT(A1, 8) -> 00:02:47 | H1: =LEFT(TRIM(MID(A1, FIND("-->", A1)+3, 20)), 8) -> 00:02:54 | I1: =A2 -> الله. أعاده. عليكم السلام ورحمة الله وبركاته.
A2: الله. أعاده. عليكم السلام ورحمة الله وبركاته. | E2: A3 | F2: =TIME(HOUR(F1), MINUTE(F1), SECOND(F1)) -> 0.22777778 | G2: =LEFT(A2, 8) -> الله. أع | H2: =LEFT(TRIM(MID(A2, FIND("-->", A2)+3, 20)), 8) -> #VALUE! | I2: =A3 -> 0
G3: =LEFT(A3, 8) | H3: =LEFT(TRIM(MID(A3, FIND("-->", A3)+3, 20)), 8) -> #VALUE! | I3: =A4 -> 00:02:58,240 --> 00:03:14,360
A4: 00:02:58,240 --> 00:03:14,360 | G4: =LEFT(A4, 8) -> 00:02:58 | H4: =LEFT(TRIM(MID(A4, FIND("-->", A4)+3, 20)), 8) -> 00:03:14 | I4: =A5 -> حياكم الله يا أحباب. وعليكم السلام ورحمة الله وبركاته. جمعة. يا الله. فيض بطل.
A5: حياكم الله يا أحباب. وعليكم السلام ورحمة الله وبركاته. جمعة. يا الله. فيض بطل. | G5: =LEFT(A5, 8) -> حياكم ا | H5: =LEFT(TRIM(MID(A5, FIND("-->", A5)+3, 20)), 8) -> #VALUE! | I5: =A6 -> 0
G6: =LEFT(A6, 8) | H6: =LEFT(TRIM(MID(A6, FIND("-->", A6)+3, 20)), 8) -> #VALUE! | I6: =A7 -> 00:03:16,440 --> 00:03:23,640
A7: 00:03:16,440 --> 00:03:23,640 | G7: =LEFT(A7, 8) -> 00:03:16 | H7: =LEFT(TRIM(MID(A7, FIND("-->", A7)+3, 20)), 8) -> 00:03:23 | I7: =A8 -> معي. وكذا. ان شاء الله. يضبط. ما هذا؟ الحد؟ الصفحة. مالك.
A8: معي. وكذا. ان شاء الله. يضبط. ما هذا؟ الحد؟ الصفحة. مالك. | G8: =LEFT(A8, 8) -> معي. وكذ | H8: =LEFT(TRIM(MID(A8, FIND("-->", A8)+3, 20)), 8) -> #VALUE! | I8: =A9 -> 0
G9: =LEFT(A9, 8) | H9: =LEFT(TRIM(MID(A9, FIND("-->", A9)+3, 20)), 8) -> #VALUE! | I9: =A10 -> 00:03:25,860 --> 00:03:29,579
A10: 00:03:25,860 --> 00:03:29,579 | G10: =LEFT(A10, 8) -> 00:03:25 | H10: =LEFT(TRIM(MID(A10, FIND("-->", A10)+3, 20)), 8) -> 00:03:29 | I10: =A11 -> احنا نشرب.
A11: احنا نشرب. | G11: =LEFT(A11, 8) -> احنا نشر | H11: =LEFT(TRIM(MID(A11, FIND("-->", A11)+3, 20)), 8) -> #VALUE! | I11: =A12 -> 0
G12: =LEFT(A12, 8) | H12: =LEFT(TRIM(MID(A12, FIND("-->", A12)+3, 20)), 8) -> #VALUE! | I12: =A13 -> 00:03:29,579 --> 00:04:57,090
A13: 00:03:29,579 --> 00:04:57,090 | G13: =LEFT(A13, 8) -> 00:03:29 | H13: =LEFT(TRIM(MID(A13, FIND("-->", A13)+3, 20)), 8) -> 00:04:57 | I13: =A14 -> الزوت. لا. الله اكبر. واحد. واحد.
A14: الزوت. لا. الله اكبر. واحد. واحد. | G14: =LEFT(A14, 8) -> الزوت. ل | H14: =LEFT(TRIM(MID(A14, FIND("-->", A14)+3, 20)), 8) -> #VALUE! | I14: =A15 -> 0
G15: =LEFT(A15, 8) | H15: =LEFT(TRIM(MID(A15, FIND("-->", A15)+3, 20)), 8) -> #VALUE! | I15: =A16 -> 00:04:57,090 --> 00:04:57,090
A16: 00:04:57,090 --> 00:04:57,090 | G16: =LEFT(A16, 8) -> 00:04:57 | H16: =LEFT(TRIM(MID(A16, FIND("-->", A16)+3, 20)), 8) -> 00:04:57 | I16: =A17 -> واحد.
A17: واحد. | G17: =LEFT(A17, 8) -> واحد. | H17: =LEFT(TRIM(MID(A17, FIND("-->", A17)+3, 20)), 8) -> #VALUE! | I17: =A18 -> 0
G18: =LEFT(A18, 8) | H18: =LEFT(TRIM(MID(A18, FIND("-->", A18)+3, 20)), 8) -> #VALUE! | I18: =A19 -> 00:04:57,090 --> 00:04:57,090
A19: 00:04:57,090 --> 00:04:57,090 | G19: =LEFT(A19, 8) -> 00:04:57 | H19: =LEFT(TRIM(MID(A19, FIND("-->", A19)+3, 20)), 8) -> 00:04:57 | I19: =A20 -> واحد.
A20: واحد. | G20: =LEFT(A20, 8) -> واحد. | H20: =LEFT(TRIM(MID(A20, FIND("-->", A20)+3, 20)), 8) -> #VALUE! | I20: =A21 -> 0
G21: =LEFT(A21, 8) | H21: =LEFT(TRIM(MID(A21, FIND("-->", A21)+3, 20)), 8) -> #VALUE! | I21: =A22 -> 00:04:57,090 --> 00:04:57,090
A22: 00:04:57,090 --> 00:04:57,090 | G22: =LEFT(A22, 8) -> 00:04:57 | H22: =LEFT(TRIM(MID(A22, FIND("-->", A22)+3, 20)), 8) -> 00:04:57 | I22: =A23 -> واحد.
A23: واحد. | G23: =LEFT(A23, 8) -> واحد. | H23: =LEFT(TRIM(MID(A23, FIND("-->", A23)+3, 20)), 8) -> #VALUE! | I23: =A24 -> 0
G24: =LEFT(A24, 8) | H24: =LEFT(TRIM(MID(A24, FIND("-->", A24)+3, 20)), 8) -> #VALUE! | I24: =A25 -> 00:04:57,090 --> 00:04:57,090
A25: 00:04:57,090 --> 00:04:57,090 | G25: =LEFT(A25, 8) -> 00:04:57 | H25: =LEFT(TRIM(MID(A25, FIND("-->", A25)+3, 20)), 8) -> 00:04:57 | I25: =A26 -> واحد.
A26: واحد. | G26: =LEFT(A26, 8) -> واحد. | H26: =LEFT(TRIM(MID(A26, FIND("-->", A26)+3, 20)), 8) -> #VALUE! | I26: =A27 -> 0
G27: =LEFT(A27, 8) | H27: =LEFT(TRIM(MID(A27, FIND("-->", A27)+3, 20)), 8) -> #VALUE! | I27: =A28 -> 00:04:57,090 --> 00:04:57,500
A28: 00:04:57,090 --> 00:04:57,500 | G28: =LEFT(A28, 8) -> 00:04:57 | H28: =LEFT(TRIM(MID(A28, FIND("-->", A28)+3, 20)), 8) -> 00:04:57 | I28: =A29 -> واحد. واحد.
A29: واحد. واحد. | G29: =LEFT(A29, 8) -> واحد. وا | H29: =LEFT(TRIM(MID(A29, FIND("-->", A29)+3, 20)), 8) -> #VALUE! | I29: =A30 -> 0
G30: =LEFT(A30, 8) | H30: =LEFT(TRIM(MID(A30, FIND("-->", A30)+3, 20)), 8) -> #VALUE! | I30: =A31 -> 00:04:57,500 --> 00:04:57,510
A31: 00:04:57,500 --> 00:04:57,510 | G31: =LEFT(A31, 8) -> 00:04:57 | H31: =LEFT(TRIM(MID(A31, FIND("-->", A31)+3, 20)), 8) -> 00:04:57 | I31: =A32 -> واحد. واحد.
A32: واحد. واحد. | G32: =LEFT(A32, 8) -> واحد. وا | H32: =LEFT(TRIM(MID(A32, FIND("-->", A32)+3, 20)), 8) -> #VALUE! | I32: =A33 -> 0
G33: =LEFT(A33, 8) | H33: =LEFT(TRIM(MID(A33, FIND("-->", A33)+3, 20)), 8) -> #VALUE! | I33: =A34 -> 00:04:57,510 --> 00:04:57,510
A34: 00:04:57,510 --> 00:04:57,510 | G34: =LEFT(A34, 8) -> 00:04:57 | H34: =LEFT(TRIM(MID(A34, FIND("-->", A34)+3, 20)), 8) -> 00:04:57 | I34: =A35 -> واحد. واحد. واحد.
A35: واحد. واحد. واحد. | G35: =LEFT(A35, 8) -> واحد. وا | H35: =LEFT(TRIM(MID(A35, FIND("-->", A35)+3, 20)), 8) -> #VALUE! | I35: =A36 -> 0
G36: =LEFT(A36, 8) | H36: =LEFT(TRIM(MID(A36, FIND("-->", A36)+3, 20)), 8) -> #VALUE! | I36: =A37 -> 00:04:57,510 --> 00:05:08,260
A37: 00:04:57,510 --> 00:05:08,260 | G37: =LEFT(A37, 8) -> 00:04:57 | H37: =LEFT(TRIM(MID(A37, FIND("-->", A37)+3, 20)), 8) -> 00:05:08 | I37: =A38 -> واحد. واحد. راح نبدأ ان شاء الله دقيقة بس. اقل من دقيقة ان شاء الله راح نبدأ بس ننتظر مزيد من الطلاب. الصوت ان شاء الله واضح الحين.
A38: واحد. واحد. راح نبدأ ان شاء الله دقيقة بس. اقل من دقيقة ان شاء الله راح نبدأ بس ننتظر مزيد من الطلاب. الصوت ان شاء الله واضح الحين. | G38: =LEFT(A38, 8) -> واحد. وا | H38: =LEFT(TRIM(MID(A38, FIND("-->", A38)+3, 20)), 8) -> #VALUE! | I38: =A39 -> 0
G39: =LEFT(A39, 8) | H39: =LEFT(TRIM(MID(A39, FIND("-->", A39)+3, 20)), 8) -> #VALUE! | I39: =A40 -> 00:05:08,260 --> 00:05:17,900
A40: 00:05:08,260 --> 00:05:17,900 | G40: =LEFT(A40, 8) -> 00:05:08 | H40: =LEFT(TRIM(MID(A40, FIND("-->", A40)+3, 20)), 8) -> 00:05:17 | I40: =A41 -> هو كذا بداية الحصة يا فارس لكن ياخذ وقت وتضبط الامور ان شاء الله.
A41: هو كذا بداية الحصة يا فارس لكن ياخذ وقت وتضبط الامور ان شاء الله. | G41: =LEFT(A41, 8) -> هو كذا ب | H41: =LEFT(TRIM(MID(A41, FIND("-->", A41)+3, 20)), 8) -> #VALUE! | I41: =A42 -> 0
G42: =LEFT(A42, 8) | H42: =LEFT(TRIM(MID(A42, FIND("-->", A42)+3, 20)), 8) -> #VALUE! | I42: =A43 -> 00:05:17,900 --> 00:05:31,380
A43: 00:05:17,900 --> 00:05:31,380 | G43: =LEFT(A43, 8) -> 00:05:17 | H43: =LEFT(TRIM(MID(A43, FIND("-->", A43)+3, 20)), 8) -> 00:05:31 | I43: =A44 -> ويمكن مع الغيم والمطر والجو الجميل. يمكن طول ويقطع اليوم. اشكركم على حضوركم. الله يعافيك يا فارس.
A44: ويمكن مع الغيم والمطر والجو الجميل. يمكن طول ويقطع اليوم. اشكركم على حضوركم. الله يعافيك يا فارس. | G44: =LEFT(A44, 8) -> ويمكن مع | H44: =LEFT(TRIM(MID(A44, FIND("-->", A44)+3, 20)), 8) -> #VALUE! | I44: =A45 -> 0
G45: =LEFT(A45, 8) | H45: =LEFT(TRIM(MID(A45, FIND("-->", A45)+3, 20)), 8) -> #VALUE! | I45: =A46 -> 00:05:32,720 --> 00:05:55,120
A46: 00:05:32,720 --> 00:05:55,120 | G46: =LEFT(A46, 8) -> 00:05:32 | H46: =LEFT(TRIM(MID(A46, FIND("-->", A46)+3, 20)), 8) -> 00:05:55 | I46: =A47 -> صبرتنا الله بالخير جميعا. السلام عليكم ورحمة الله وبركاته. حي الله الشباب الابطال. ابطال نون.
A47: صبرتنا الله بالخير جميعا. السلام عليكم ورحمة الله وبركاته. حي الله الشباب الابطال. ابطال نون. | G47: =LEFT(A47, 8) -> صبرتنا | H47: =LEFT(TRIM(MID(A47, FIND("-->", A47)+3, 20)), 8) -> #VALUE! | I47: =A48 -> 0
G48: =LEFT(A48, 8) | H48: =LEFT(TRIM(MID(A48, FIND("-->", A48)+3, 20)), 8) -> #VALUE! | I48: =A49 -> 00:05:55,120 --> 00:06:01,060
A49: 00:05:55,120 --> 00:06:01,060 | G49: =LEFT(A49, 8) -> 00:05:55 | H49: =LEFT(TRIM(MID(A49, FIND("-->", A49)+3, 20)), 8) -> 00:06:01 | I49: =A50 -> راح يكون درسنا اليوم عن الدائرة فيها بعض القوانين المكررة معكم ان شاء الله.
A50: راح يكون درسنا اليوم عن الدائرة فيها بعض القوانين المكررة معكم ان شاء الله. | G50: =LEFT(A50, 8) -> راح يكون | H50: =LEFT(TRIM(MID(A50, FIND("-->", A50)+3, 20)), 8) -> #VALUE! | I50: =A51 -> 0
G51: =LEFT(A51, 8) | H51: =LEFT(TRIM(MID(A51, FIND("-->", A51)+3, 20)), 8) -> #VALUE! | I51: =A52 -> 00:06:01,716 --> 00:06:28,636
A52: 00:06:01,716 --> 00:06:28,636 | G52: =LEFT(A52, 8) -> 00:06:01 | H52: =LEFT(TRIM(MID(A52, FIND("-->", A52)+3, 20)), 8) -> 00:06:28 | I52: =A53 -> اه ان شاء الله. الدرس يكون سلس وسهل. احتاج منكم المشاركة. التفاعل. طبعا اليوم الحصة عن بعد تكون يعني المجموعات يعني ما في تعاون بين المجموعات. لكن ان شاء الله راح يكون التفاعل من خلال المايكات. انا ودي تطلبون مايكات ونناقش بعض الاسئلة دائما لما يكون في مناقشة تبيين بعض
A53: اه ان شاء الله. الدرس يكون سلس وسهل. احتاج منكم المشاركة. التفاعل. طبعا اليوم الحصة عن بعد تكون يعني المجموعات يعني ما في تعاون بين المجموعات. لكن ان شاء الله راح يكون التفاعل من خلال المايكات. انا ودي تطلبون مايكات ونناقش بعض الاسئلة دائما لما يكون في مناقشة تبيين بعض | G53: =LEFT(A53, 8) -> اه ان شا | H53: =LEFT(TRIM(MID(A53, FIND("-->", A53)+3, 20)), 8) -> #VALUE! | I53: =A54 -> 0
G54: =LEFT(A54, 8) | H54: =LEFT(TRIM(MID(A54, FIND("-->", A54)+3, 20)), 8) -> #VALUE! | I54: =A55 -> 00:06:28,636 --> 00:06:35,816
A55: 00:06:28,636 --> 00:06:35,816 | G55: =LEFT(A55, 8) -> 00:06:28 | H55: =LEFT(TRIM(MID(A55, FIND("-->", A55)+3, 20)), 8) -> 00:06:35 | I55: =A56 -> مثلا المفاهيم الخاطئة. اه لا ما في حبر فيه مبارزة الفرق
A56: مثلا المفاهيم الخاطئة. اه لا ما في حبر فيه مبارزة الفرق | G56: =LEFT(A56, 8) -> مثلا الم | H56: =LEFT(TRIM(MID(A56, FIND("-->", A56)+3, 20)), 8) -> #VALUE! | I56: =A57 -> 0
G57: =LEFT(A57, 8) | H57: =LEFT(TRIM(MID(A57, FIND("-->", A57)+3, 20)), 8) -> #VALUE! | I57: =A58 -> 00:06:35,816 --> 00:07:47,496
A58: 00:06:35,816 --> 00:07:47,496 | G58: =LEFT(A58, 8) -> 00:06:35 | H58: =LEFT(TRIM(MID(A58, FIND("-->", A58)+3, 20)), 8) -> 00:07:47 | I58: =A59 -> في تدريبات جماعية لان ما في حبار. لكن عموما حتى لو كان في حبار يعني لما يكون ما في مجموعات فعالة. يعني راح نختصر الوقت ان شاء الله بالمناقشة عن طريق المايكات. بسم الله الرحمن الرحيم. نبدأ. حي الله الابطال. اليوم راح نراجع الدائرة. راح نراجع المستقيمات اللي في الدائرة مثل الوتر والقطر والمماس والزوايا ومحيط الدائرة ومساحتها والمضلعات في الدائرة زي المثلث والمربع لما يرسم داخل دائرة او يرسم خارج دائرة. فيه بعض العلاقات تنشأ بين هذه المضلعات والدائرة. اليوم ركزوا بس على اهم المستقيمات اللي داخل الدائرة. فيه مستقيم دائما نبحث عنه ويعني ما نقدر نحل الا من خلاله خاصة اذا كان السؤال عن مساحة او محيط وهي انصاف الاطار انصاف الاطار. ما هو نصف القطر؟ هو القطعة الواصلة بين مركز الدائرة الى الدائرة.
A59: في تدريبات جماعية لان ما في حبار. لكن عموما حتى لو كان في حبار يعني لما يكون ما في مجموعات فعالة. يعني راح نختصر الوقت ان شاء الله بالمناقشة عن طريق المايكات. بسم الله الرحمن الرحيم. نبدأ. حي الله الابطال. اليوم راح نراجع الدائرة. راح نراجع المستقيمات اللي في الدائرة مثل الوتر والقطر والمماس والزوايا ومحيط الدائرة ومساحتها والمضلعات في الدائرة زي المثلث والمربع لما يرسم داخل دائرة او يرسم خارج دائرة. فيه بعض العلاقات تنشأ بين هذه المضلعات والدائرة. اليوم ركزوا بس على اهم المستقيمات اللي داخل الدائرة. فيه مستقيم دائما نبحث عنه ويعني ما نقدر نحل الا من خلاله خاصة اذا كان السؤال عن مساحة او محيط وهي انصاف الاطار انصاف الاطار. ما هو نصف القطر؟ هو القطعة الواصلة بين مركز الدائرة الى الدائرة. | G59: =LEFT(A59, 8) -> في تدريب | H59: =LEFT(TRIM(MID(A59, FIND("-->", A59)+3, 20)), 8) -> #VALUE! | I59: =A60 -> 0
G60: =LEFT(A60, 8) | H60: =LEFT(TRIM(MID(A60, FIND("-->", A60)+3, 20)), 8) -> #VALUE! | I60: =A61 -> 00:07:47,496 --> 00:07:49,756
A61: 00:07:47,496 --> 00:07:49,756 | G61: =LEFT(A61, 8) -> 00:07:47 | H61: =LEFT(TRIM(MID(A61, FIND("-->", A61)+3, 20)), 8) -> 00:07:49 | I61: =A62 -> طيب ما هو؟ اه
A62: طيب ما هو؟ اه | G62: =LEFT(A62, 8) -> طيب ما ه | H62: =LEFT(TRIM(MID(A62, FIND("-->", A62)+3, 20)), 8) -> #VALUE! | I62: =A63 -> 0
G63: =LEFT(A63, 8) | H63: =LEFT(TRIM(MID(A63, FIND("-->", A63)+3, 20)), 8) -> #VALUE! | I63: =A64 -> 00:07:51,096 --> 00:08:51,536
A64: 00:07:51,096 --> 00:08:51,536 | G64: =LEFT(A64, 8) -> 00:07:51 | H64: =LEFT(TRIM(MID(A64, FIND("-->", A64)+3, 20)), 8) -> 00:08:51 | I64: =A65 -> ما هو الوتر؟ هو قطعة لا تمر بمركز الدائرة تلقاها تمر بين نقطتين على الدائرة. ما هو القطر؟ هو نقطة تصل من نقطة على الدائرة الى نقطة اخرى على الدائرة مرورا بالمركز. هذا هو القطر. طبعا نحن القطر نحتاجه في المحيط لان المحيط هو عبارة عن القطر في طاء. طيب نصف القطر متى نحتاجه؟ نحتاجه ايضا في المحيط. يمكن نقول اثنين نق اثنين نق في طاء. هذا يعطينا المحيط. طبعا اثنين نق اللي هو القطر. ايضا نحتاجه بشكل اساسي في المساحة في مساحة الدائرة. طيب ما هو المماس؟ المماس هو المستقيم المار على نقطة خارج يعني يمس الدائرة في نقطة على الدائرة. طيب ما علاقة المماس بالقطر دائما؟ اي نصف قطر
A65: ما هو الوتر؟ هو قطعة لا تمر بمركز الدائرة تلقاها تمر بين نقطتين على الدائرة. ما هو القطر؟ هو نقطة تصل من نقطة على الدائرة الى نقطة اخرى على الدائرة مرورا بالمركز. هذا هو القطر. طبعا نحن القطر نحتاجه في المحيط لان المحيط هو عبارة عن القطر في طاء. طيب نصف القطر متى نحتاجه؟ نحتاجه ايضا في المحيط. يمكن نقول اثنين نق اثنين نق في طاء. هذا يعطينا المحيط. طبعا اثنين نق اللي هو القطر. ايضا نحتاجه بشكل اساسي في المساحة في مساحة الدائرة. طيب ما هو المماس؟ المماس هو المستقيم المار على نقطة خارج يعني يمس الدائرة في نقطة على الدائرة. طيب ما علاقة المماس بالقطر دائما؟ اي نصف قطر | G65: =LEFT(A65, 8) -> ما هو ا | H65: =LEFT(TRIM(MID(A65, FIND("-->", A65)+3, 20)), 8) -> #VALUE! | I65: =A66 -> 0
G66: =LEFT(A66, 8) | H66: =LEFT(TRIM(MID(A66, FIND("-->", A66)+3, 20)), 8) -> #VALUE! | I66: =A67 -> 00:08:51,536 --> 00:09:10,376
A67: 00:08:51,536 --> 00:09:10,376 | G67: =LEFT(A67, 8) -> 00:08:51 | H67: =LEFT(TRIM(MID(A67, FIND("-->", A67)+3, 20)), 8) -> 00:09:10 | I67: =A68 -> يلتقي مع المماس في النقطة اللي على الدائرة يشكلان زاوية قائمة. يعني يكونون متعامدان المماس للدائرة عمودي على قطرها في نقطة التماس. طيب هنا في بيجينا سؤال او سؤالين على هذي الخاصية. انتبهوا يا شباب
A68: يلتقي مع المماس في النقطة اللي على الدائرة يشكلان زاوية قائمة. يعني يكونون متعامدان المماس للدائرة عمودي على قطرها في نقطة التماس. طيب هنا في بيجينا سؤال او سؤالين على هذي الخاصية. انتبهوا يا شباب | G68: =LEFT(A68, 8) -> يلتقي مع | H68: =LEFT(TRIM(MID(A68, FIND("-->", A68)+3, 20)), 8) -> #VALUE! | I68: =A69 -> 0
G69: =LEFT(A69, 8) | H69: =LEFT(TRIM(MID(A69, FIND("-->", A69)+3, 20)), 8) -> #VALUE! | I69: =A70 -> 00:09:10,376 --> 00:09:36,396
A70: 00:09:10,376 --> 00:09:36,396 | G70: =LEFT(A70, 8) -> 00:09:10 | H70: =LEFT(TRIM(MID(A70, FIND("-->", A70)+3, 20)), 8) -> 00:09:36 | I70: =A71 -> المماسان مرسومان من نفس النقطة يكونان متطابقان. المماسان مرسومان من نفس النقطة يكونان متطابقان. وهذه نشوفها ايضا بيكون عليها سؤال. طيب المستقيم الواصل من مركز الدائرة الى الوتر عموديا ينصف الوتر الى قطعتين متساويتين ينصف الوتر.
A71: المماسان مرسومان من نفس النقطة يكونان متطابقان. المماسان مرسومان من نفس النقطة يكونان متطابقان. وهذه نشوفها ايضا بيكون عليها سؤال. طيب المستقيم الواصل من مركز الدائرة الى الوتر عموديا ينصف الوتر الى قطعتين متساويتين ينصف الوتر. | G71: =LEFT(A71, 8) -> المماسان | H71: =LEFT(TRIM(MID(A71, FIND("-->", A71)+3, 20)), 8) -> #VALUE! | I71: =A72 -> 0
G72: =LEFT(A72, 8) | H72: =LEFT(TRIM(MID(A72, FIND("-->", A72)+3, 20)), 8) -> #VALUE! | I72: =A73 -> 00:09:36,396 --> 00:09:59,196
A73: 00:09:36,396 --> 00:09:59,196 | G73: =LEFT(A73, 8) -> 00:09:36 | H73: =LEFT(TRIM(MID(A73, FIND("-->", A73)+3, 20)), 8) -> 00:09:59 | I73: =A74 -> اذا اي وتر اي دائرة فيها وتر. لو رسمت قطعة عمودية ما هو نصف قطر النصف القطر لازم يوصل الى الدائرة. هذا ما وصل الى الدائرة. هذا قطعة من مركز الدائرة الى الوتر لكن عموديا فانه ينصف الوتر الى قطعتين متساويتين.
A74: اذا اي وتر اي دائرة فيها وتر. لو رسمت قطعة عمودية ما هو نصف قطر النصف القطر لازم يوصل الى الدائرة. هذا ما وصل الى الدائرة. هذا قطعة من مركز الدائرة الى الوتر لكن عموديا فانه ينصف الوتر الى قطعتين متساويتين. | G74: =LEFT(A74, 8) -> اذا اي و | H74: =LEFT(TRIM(MID(A74, FIND("-->", A74)+3, 20)), 8) -> #VALUE! | I74: =A75 -> 0
G75: =LEFT(A75, 8) | H75: =LEFT(TRIM(MID(A75, FIND("-->", A75)+3, 20)), 8) -> #VALUE! | I75: =A76 -> 00:09:59,256 --> 00:10:08,856
A76: 00:09:59,256 --> 00:10:08,856 | G76: =LEFT(A76, 8) -> 00:09:59 | H76: =LEFT(TRIM(MID(A76, FIND("-->", A76)+3, 20)), 8) -> 00:10:08 | I76: =A77 -> هذه ايضا قد نحتاج نبدأ تحقق من الفهم. بسم الله.
A77: هذه ايضا قد نحتاج نبدأ تحقق من الفهم. بسم الله. | G77: =LEFT(A77, 8) -> هذه ايضا | H77: =LEFT(TRIM(MID(A77, FIND("-->", A77)+3, 20)), 8) -> #VALUE! | I77: =A78 -> 0
G78: =LEFT(A78, 8) | H78: =LEFT(TRIM(MID(A78, FIND("-->", A78)+3, 20)), 8) -> #VALUE! | I78: =A79 -> 00:10:09,216 --> 00:10:48,436
A79: 00:10:09,216 --> 00:10:48,436 | G79: =LEFT(A79, 8) -> 00:10:09 | H79: =LEFT(TRIM(MID(A79, FIND("-->", A79)+3, 20)), 8) -> 00:10:48 | I79: =A80 -> انتبهوا يا شباب. هذا السؤال. ايجاد المحيط. محيط المثلث هو مجموع اضلاعه. طيب يا استاذ، هل الاضلاع موجودة كاملة؟ لا نعطيك من كل ضلع قطعة. لكن تذكروا ان المماسان المنطلقان من نقطة واحدة متطابقان. المماسان المنطلقان من نقطة واحدة متطابقان. اذا اول شيء لازم تكمل اضلاع المثلث. لازم تكمل قياساتها بعدين تجمعها. ابغى احد يطلب مايك
A80: انتبهوا يا شباب. هذا السؤال. ايجاد المحيط. محيط المثلث هو مجموع اضلاعه. طيب يا استاذ، هل الاضلاع موجودة كاملة؟ لا نعطيك من كل ضلع قطعة. لكن تذكروا ان المماسان المنطلقان من نقطة واحدة متطابقان. المماسان المنطلقان من نقطة واحدة متطابقان. اذا اول شيء لازم تكمل اضلاع المثلث. لازم تكمل قياساتها بعدين تجمعها. ابغى احد يطلب مايك | G80: =LEFT(A80, 8) -> انتبهوا | H80: =LEFT(TRIM(MID(A80, FIND("-->", A80)+3, 20)), 8) -> #VALUE! | I80: =A81 -> 0
G81: =LEFT(A81, 8) | H81: =LEFT(TRIM(MID(A81, FIND("-->", A81)+3, 20)), 8) -> #VALUE! | I81: =A82 -> 00:10:48,436 --> 00:10:53,696
A82: 00:10:48,436 --> 00:10:53,696 | G82: =LEFT(A82, 8) -> 00:10:48 | H82: =LEFT(TRIM(MID(A82, FIND("-->", A82)+3, 20)), 8) -> 00:10:53 | I82: =A83 -> من الان اربع اصوات صحيحة.
A83: من الان اربع اصوات صحيحة. | G83: =LEFT(A83, 8) -> من الان | H83: =LEFT(TRIM(MID(A83, FIND("-->", A83)+3, 20)), 8) -> #VALUE! | I83: =A84 -> 0
G84: =LEFT(A84, 8) | H84: =LEFT(TRIM(MID(A84, FIND("-->", A84)+3, 20)), 8) -> #VALUE! | I84: =A85 -> 00:10:53,696 --> 00:11:15,376
A85: 00:10:53,696 --> 00:11:15,376 | G85: =LEFT(A85, 8) -> 00:10:53 | H85: =LEFT(TRIM(MID(A85, FIND("-->", A85)+3, 20)), 8) -> 00:11:15 | I85: =A86 -> 3 اصوات رجعت 4 اصوات. رجعت 3. 4. لكن الاغلبية للاسف اصوات خاطئة. يعطيكم العافية. ممتازين. احد يطلب مايك يا شباب؟ يلا عندي فارس. تفضل يا فارس.
A86: 3 اصوات رجعت 4 اصوات. رجعت 3. 4. لكن الاغلبية للاسف اصوات خاطئة. يعطيكم العافية. ممتازين. احد يطلب مايك يا شباب؟ يلا عندي فارس. تفضل يا فارس. | G86: =LEFT(A86, 8) -> 3 اصوات | H86: =LEFT(TRIM(MID(A86, FIND("-->", A86)+3, 20)), 8) -> #VALUE! | I86: =A87 -> 0
G87: =LEFT(A87, 8) | H87: =LEFT(TRIM(MID(A87, FIND("-->", A87)+3, 20)), 8) -> #VALUE! | I87: =A88 -> 00:11:15,376 --> 00:11:17,496
A88: 00:11:15,376 --> 00:11:17,496 | G88: =LEFT(A88, 8) -> 00:11:15 | H88: =LEFT(TRIM(MID(A88, FIND("-->", A88)+3, 20)), 8) -> 00:11:17 | I88: =A89 -> يلا يا فاريس سلام عليكم.
A89: يلا يا فاريس سلام عليكم. | G89: =LEFT(A89, 8) -> يلا يا ف | H89: =LEFT(TRIM(MID(A89, FIND("-->", A89)+3, 20)), 8) -> #VALUE! | I89: =A90 -> 0
G90: =LEFT(A90, 8) | H90: =LEFT(TRIM(MID(A90, FIND("-->", A90)+3, 20)), 8) -> #VALUE! | I90: =A91 -> 00:11:17,496 --> 00:11:20,676
A91: 00:11:17,496 --> 00:11:20,676 | G91: =LEFT(A91, 8) -> 00:11:17 | H91: =LEFT(TRIM(MID(A91, FIND("-->", A91)+3, 20)), 8) -> 00:11:20 | I91: =A92 -> عليكم السلام ورحمة الله وبركاته.
A92: عليكم السلام ورحمة الله وبركاته. | G92: =LEFT(A92, 8) -> عليكم ال | H92: =LEFT(TRIM(MID(A92, FIND("-->", A92)+3, 20)), 8) -> #VALUE! | I92: =A93 -> 0
G93: =LEFT(A93, 8) | H93: =LEFT(TRIM(MID(A93, FIND("-->", A93)+3, 20)), 8) -> #VALUE! | I93: =A94 -> 00:11:20,676 --> 00:11:36,736
A94: 00:11:20,676 --> 00:11:36,736 | G94: =LEFT(A94, 8) -> 00:11:20 | H94: =LEFT(TRIM(MID(A94, FIND("-->", A94)+3, 20)), 8) -> 00:11:36 | I94: =A95 -> حليتها بالبركة قصدي بالبركة. قصدي شفت شفتها واحد واربعين اخترتها. بعدين يوم ما تتكلم قلت اه هو متطابق ضربت في اثنين طلع لي اثنين وثمانين. هذا بالحظ.
A95: حليتها بالبركة قصدي بالبركة. قصدي شفت شفتها واحد واربعين اخترتها. بعدين يوم ما تتكلم قلت اه هو متطابق ضربت في اثنين طلع لي اثنين وثمانين. هذا بالحظ. | G95: =LEFT(A95, 8) -> حليتها ب | H95: =LEFT(TRIM(MID(A95, FIND("-->", A95)+3, 20)), 8) -> #VALUE! | I95: =A96 -> 0
G96: =LEFT(A96, 8) | H96: =LEFT(TRIM(MID(A96, FIND("-->", A96)+3, 20)), 8) -> #VALUE! | I96: =A97 -> 00:11:36,736 --> 00:11:37,316
A97: 00:11:36,736 --> 00:11:37,316 | G97: =LEFT(A97, 8) -> 00:11:36 | H97: =LEFT(TRIM(MID(A97, FIND("-->", A97)+3, 20)), 8) -> 00:11:37 | I97: =A98 -> والله انك
A98: والله انك | G98: =LEFT(A98, 8) -> والله ان | H98: =LEFT(TRIM(MID(A98, FIND("-->", A98)+3, 20)), 8) -> #VALUE! | I98: =A99 -> 0
G99: =LEFT(A99, 8) | H99: =LEFT(TRIM(MID(A99, FIND("-->", A99)+3, 20)), 8) -> #VALUE! | I99: =A100 -> 00:11:37,316 --> 00:11:41,336
A100: 00:11:37,316 --> 00:11:41,336 | G100: =LEFT(A100, 8) -> 00:11:37 | H100: =LEFT(TRIM(MID(A100, FIND("-->", A100)+3, 20)), 8) -> 00:11:41 | I100: =A101 -> بالحظ والبركة ولا استخدم شوي الذكاء.
...

Sheet 70690 transcript
A1: {=INDEX(Sheet1!$G:$G, ROW()*3 - 2)+Sheet1!$F$2} -> 0.22971065 | B1: {=INDEX(Sheet1!$H:$H, ROW()*3 - 2)+Sheet1!$F$2} -> 0.22979167 | C1: {=INDEX(Sheet1!$I:$I, ROW()*3 - 2)} -> الله. أعاده. عليكم السلام ورحمة الله وبركاته.
A2: {=INDEX(Sheet1!$G:$G, ROW()*3 - 2)+Sheet1!$F$2} -> 0.22983796 | B2: {=INDEX(Sheet1!$H:$H, ROW()*3 - 2)+Sheet1!$F$2} -> 0.23002315 | C2: {=INDEX(Sheet1!$I:$I, ROW()*3 - 2)} -> حياكم الله يا أحباب. وعليكم السلام ورحمة الله وبركاته. جمعة. يا الله. فيض بطل.
A3: {=INDEX(Sheet1!$G:$G, ROW()*3 - 2)+Sheet1!$F$2} -> 0.2300463 | B3: {=INDEX(Sheet1!$H:$H, ROW()*3 - 2)+Sheet1!$F$2} -> 0.23012731 | C3: {=INDEX(Sheet1!$I:$I, ROW()*3 - 2)} -> معي. وكذا. ان شاء الله. يضبط. ما هذا؟ الحد؟ الصفحة. مالك.
A4: {=INDEX(Sheet1!$G:$G, ROW()*3 - 2)+Sheet1!$F$2} -> 0.23015046 | B4: {=INDEX(Sheet1!$H:$H, ROW()*3 - 2)+Sheet1!$F$2} -> 0.23019676 | C4: {=INDEX(Sheet1!$I:$I, ROW()*3 - 2)} -> احنا نشرب.
A5: {=INDEX(Sheet1!$G:$G, ROW()*3 - 2)+Sheet1!$F$2} -> 0.23019676 | B5: {=INDEX(Sheet1!$H:$H, ROW()*3 - 2)+Sheet1!$F$2} -> 0.23121528 | C5: {=INDEX(Sheet1!$I:$I, ROW()*3 - 2)} -> الزوت. لا. الله اكبر. واحد. واحد.
A6: {=INDEX(Sheet1!$G:$G, ROW()*3 - 2)+Sheet1!$F$2} -> 0.23121528 | B6: {=INDEX(Sheet1!$H:$H, ROW()*3 - 2)+Sheet1!$F$2} -> 0.23121528 | C6: {=INDEX(Sheet1!$I:$I, ROW()*3 - 2)} -> واحد.
A7: {=INDEX(Sheet1!$G:$G, ROW()*3 - 2)+Sheet1!$F$2} -> 0.23121528 | B7: {=INDEX(Sheet1!$H:$H, ROW()*3 - 2)+Sheet1!$F$2} -> 0.23121528 | C7: {=INDEX(Sheet1!$I:$I, ROW()*3 - 2)} -> واحد.
A8: {=INDEX(Sheet1!$G:$G, ROW()*3 - 2)+Sheet1!$F$2} -> 0.23121528 | B8: {=INDEX(Sheet1!$H:$H, ROW()*3 - 2)+Sheet1!$F$2} -> 0.23121528 | C8: {=INDEX(Sheet1!$I:$I, ROW()*3 - 2)} -> واحد.
A9: {=INDEX(Sheet1!$G:$G, ROW()*3 - 2)+Sheet1!$F$2} -> 0.23121528 | B9: {=INDEX(Sheet1!$H:$H, ROW()*3 - 2)+Sheet1!$F$2} -> 0.23121528 | C9: {=INDEX(Sheet1!$I:$I, ROW()*3 - 2)} -> واحد.
A10: {=INDEX(Sheet1!$G:$G, ROW()*3 - 2)+Sheet1!$F$2} -> 0.23121528 | B10: {=INDEX(Sheet1!$H:$H, ROW()*3 - 2)+Sheet1!$F$2} -> 0.23121528 | C10: {=INDEX(Sheet1!$I:$I, ROW()*3 - 2)} -> واحد. واحد.
A11: {=INDEX(Sheet1!$G:$G, ROW()*3 - 2)+Sheet1!$F$2} -> 0.23121528 | B11: {=INDEX(Sheet1!$H:$H, ROW()*3 - 2)+Sheet1!$F$2} -> 0.23121528 | C11: {=INDEX(Sheet1!$I:$I, ROW()*3 - 2)} -> واحد. واحد.
A12: {=INDEX(Sheet1!$G:$G, ROW()*3 - 2)+Sheet1!$F$2} -> 0.23121528 | B12: {=INDEX(Sheet1!$H:$H, ROW()*3 - 2)+Sheet1!$F$2} -> 0.23121528 | C12: {=INDEX(Sheet1!$I:$I, ROW()*3 - 2)} -> واحد. واحد. واحد.
... A116: {=INDEX(Sheet1!$G:$G, ROW()*3 - 2)+Sheet1!$F$2} -> 0.24592593 | B116: {=INDEX(Sheet1!$H:$H, ROW()*3 - 2)+Sheet1!$F$2} -> 0.2459838 | C116: {=INDEX(Sheet1!$I:$I, ROW()*3 - 2)} -> طه اي ممتاز. طيب مساحة المضلل.

Sheet f_user_session_70690
A1: user_id | B1: user_name | C1: user_type | D1: user_sentiment | E1: course_session_class_type | F1: room_id | G1: course_session_id | H1: teacher_start_datetime | I1: teacher_end_datetime | J1: teaching_time | K1: session_time | L1: room_open_time | M1: room_end_time | N1: user_enter_time | O1: user_exit_time | P1: entered_room | Q1: room_time | R1: learning_time | S1: lobby_before_time | T1: lobby_after_time | U1: lobby_time | V1: active_time | W1: total_polls_seen | X1: total_polls_responded | Y1: total_messages | Z1: total_hand_raise | AA1: total_unmutes | AB1: total_video_on | AC1: platforms | AD1: device_ids | AE1: feature_active_duration | AF1: feature_active_duration_during_activity | AG1: course_id | AH1: teacher_id | AI1: is_course_session_teacher | AJ1: country_ids | AK1: country_names | AL1: classroom_name | AM1: classroom_description | AN1: classroom_join_code | AO1: dt
A2: 646320 | B2: ÿ£. ÿ≠ÿ≥ŸÜ ÿ≥ÿπŸäÿØ | C2: FACILITATOR | E2: LIVE_CLASS | F2: 54332 | G2: 70690 | H2: 46007.228 | I2: 46007.263 | J2: 49.98 | K2: 49.98 | L2: 46007.219 | M2: 46007.263 | N2: 46007.23 | O2: 46007.254 | P2: 8 | Q2: 8.7 | R2: 8.7 | S2: 0 | T2: 0 | U2: 0 | V2: 0 | Y2: 0 | Z2: 0 | AA2: 0 | AB2: 0 | AC2: ["web"] | AD2: ["7f3454c9-30c0-4fad-9a08-01387b9f765c"] | AG2: 14796 | AH2: 636745 | AI2: 0 | AJ2: [2] | AK2: ["Saudi Arabia"] | AL2: ÿ£. ÿ≠ÿ≥ŸÜ ÿ®ŸÜ ÿ≥ÿπŸäÿØ | AN2: YH2L | AO2: 20251216
A3: 647496 | B3: ÿ®ÿØÿ± ÿßŸÑÿ≠ÿ±ÿ®Ÿä | C3: STUDENT | D3: positive | E3: LIVE_CLASS | F3: 54332 | G3: 70690 | H3: 46007.228 | I3: 46007.263 | J3: 49.98 | K3: 49.98 | L3: 46007.219 | M3: 46007.263 | N3: 46007.23 | O3: 46007.263 | P3: 2 | Q3: 47.28 | R3: 47.28 | S3: 0 | T3: 0 | U3: 0 | V3: 11.07 | W3: 13 | X3: 13 | Y3: 0 | Z3: 0 | AA3: 0 | AB3: 0 | AC3: ["android"] | AD3: ["95e2a56f-6eff-4a08-8927-2d22d3102298"] | AE3: {"ACTIVITY_START":579680,"REACTION":120000} | AF3: {} | AG3: 14796 | AH3: 636745 | AI3: 0 | AJ3: [2] | AK3: ["Saudi Arabia"] | AL3: ÿ£. ÿπÿ®ÿØÿßŸÑÿ±ÿ≠ŸÖŸÜ ÿßŸÑÿ≥ÿßŸÑŸÖŸä | AN3: 7B3M | AO3: 20251216
A4: 647504 | B4: ÿπÿ®ÿØÿßŸÑŸÖÿ¨ŸäÿØ ÿßŸÑÿ≠ŸÖŸàÿØ | C4: STUDENT | D4: positive | E4: LIVE_CLASS | F4: 54332 | G4: 70690 | H4: 46007.228 | I4: 46007.263 | J4: 49.98 | K4: 49.98 | L4: 46007.219 | M4: 46007.263 | N4: 46007.229 | O4: 46007.263 | P4: 2 | Q4: 48.8 | R4: 48.8 | S4: 0 | T4: 0 | U4: 0 | V4: 6.18 | W4: 1 | X4: 1 | Y4: 0 | Z4: 0 | AA4: 0 | AB4: 0 | AC4: ["android"] | AD4: ["dbe830c2-59d6-401b-9c08-c691e5087fd8"] | AE4: {"TEAM_CHEER":300000,"REACTION":30000,"SLIDE_PREVIEW":7513,"ACTIVITY_START":65405} | AF4: {"1396625":{"REACTION":30000,"SLIDE_PREVIEW":7513}} | AG4: 14796 | AH4: 636745 | AI4: 0 | AJ4: [2] | AK4: ["Saudi Arabia"] | AL4: ÿ£. ÿπÿ®ÿØÿßŸÑÿπÿ≤Ÿäÿ≤ ÿßŸÑŸÖŸàÿ≥Ÿâ | AN4: PG2Q | AO4: 20251216
A5: 652934 | B5: ÿπÿ®ÿØÿßŸÑŸÑŸá ÿßŸÑŸáÿßÿ¨ÿ±Ÿä | C5: STUDENT | D5: positive | E5: LIVE_CLASS | F5: 54332 | G5: 70690 | H5: 46007.228 | I5: 46007.263 | J5: 49.98 | K5: 49.98 | L5: 46007.219 | M5: 46007.263 | N5: 46007.229 | O5: 46007.26 | P5: 1 | Q5: 45.05 | R5: 45.05 | S5: 0 | T5: 0 | U5: 0 | V5: 14.07 | W5: 12 | X5: 12 | Y5: 6 | Z5: 0 | AA5: 0 | AB5: 0 | AC5: ["android"] | AD5: ["e2b772d1-809d-4ec2-bb25-a7e2df012367"] | AE5: {"REACTION":180000,"TEAM_CHEER":300000,"MESSAGE":163420,"ACTIVITY_START":313644,"ZOOM_IN":20135} | AF5: {"1396620":{"ZOOM_IN":20135}} | AG5: 14796 | AH5: 636745 | AI5: 0 | AJ5: [2] | AK5: ["Saudi Arabia"] | AL5: ÿ£. ÿπÿ®ÿØÿßŸÑÿ±ÿ≠ŸÖŸÜ ÿßŸÑÿ≥ÿßŸÑŸÖŸä | AN5: 7B3M | AO5: 20251216
A6: 652929 | B6: ÿ±ŸäÿßŸÜ ÿßŸÑÿπŸÜŸÇÿ±Ÿä | C6: STUDENT | D6: positive | E6: LIVE_CLASS | F6: 54332 | G6: 70690 | H6: 46007.228 | I6: 46007.263 | J6: 49.98 | K6: 49.98 | L6: 46007.219 | M6: 46007.263 | N6: 46007.23 | O6: 46007.263 | P6: 1 | Q6: 47.8 | R6: 47.8 | S6: 0 | T6: 0 | U6: 0 | V6: 19.03 | W6: 0 | X6: 0 | Y6: 0 | Z6: 0 | AA6: 0 | AB6: 0 | AC6: ["android"] | AD6: ["09a93964-5cf0-4615-b62b-366ad77185c1"] | AE6: {"TEAM_CHEER":300000,"ACTIVITY_START":811808,"REACTION":30000} | AF6: {} | AG6: 14796 | AH6: 636745 | AI6: 0 | AJ6: [2] | AK6: ["Saudi Arabia"] | AL6: ÿ£. ÿπÿ®ÿØÿßŸÑÿπÿ≤Ÿäÿ≤ ÿßŸÑŸÖŸàÿ≥Ÿâ | AN6: PG2Q | AO6: 20251216
A7: 652958 | B7: ŸÅŸáÿØ ÿßŸÑÿ±ÿ¥ŸäÿØŸä | C7: STUDENT | D7: positive | E7: LIVE_CLASS | F7: 54332 | G7: 70690 | H7: 46007.228 | I7: 46007.263 | J7: 49.98 | K7: 49.98 | L7: 46007.219 | M7: 46007.263 | N7: 46007.24 | O7: 46007.258 | P7: 9 | Q7: 19.07 | R7: 19.07 | S7: 0 | T7: 0 | U7: 0 | V7: 4.66 | W7: 8 | X7: 8 | Y7: 1 | Z7: 0 | AA7: 0 | AB7: 0 | AC7: ["android"] | AD7: ["a4faffea-3ef9-466b-b9b0-399e0c4990cf"] | AE7: {"ACTIVITY_START":197635,"REACTION":90000,"MESSAGE":28659} | AF7: {} | AG7: 14796 | AH7: 636745 | AI7: 0 | AJ7: [2] | AK7: ["Saudi Arabia"] | AL7: RHM-IKM-111 | AM7: ÿ£. ÿπÿ®ÿØÿßŸÑŸÑŸá ÿßŸÑÿ¥ŸÖÿ±Ÿä | AN7: 8MNK | AO7: 20251216
A8: 647404 | B8: ÿÆÿßŸÑÿØ ÿßŸÑÿ¨ÿ¥ | C8: STUDENT | D8: positive | E8: LIVE_CLASS | F8: 54332 | G8: 70690 | H8: 46007.228 | I8: 46007.263 | J8: 49.98 | K8: 49.98 | L8: 46007.219 | M8: 46007.263 | N8: 46007.229 | O8: 46007.263 | P8: 2 | Q8: 44 | R8: 44 | S8: 0 | T8: 0 | U8: 0 | V8: 17.35 | W8: 11 | X8: 11 | Y8: 0 | Z8: 1 | AA8: 1 | AB8: 0 | AC8: ["android"] | AD8: ["65830221-da14-4e38-8124-e241262d33df"] | AE8: {"TEAM_CHEER":300000,"REACTION":180000,"ACTIVITY_START":454267,"MESSAGE":60000,"STUDENT_CHEER":30000,"STAGE_TIME":127655,"ZOOM_IN":60491} | AF8: {"1396621":{"ZOOM_IN":60491}} | AG8: 14796 | AH8: 636745 | AI8: 0 | AJ8: [2] | AK8: ["Saudi Arabia"] | AL8: ÿ£. ÿ≠ÿ≥ŸÜ ÿ®ŸÜ ÿ≥ÿπŸäÿØ | AN8: YH2L | AO8: 20251216
A9: 647411 | B9: ŸÅÿßÿ±ÿ≥ ÿπŸàÿ∂Ÿá | C9: STUDENT | D9: neutral | E9: LIVE_CLASS | F9: 54332 | G9: 70690 | H9: 46007.228 | I9: 46007.263 | J9: 49.98 | K9: 49.98 | L9: 46007.219 | M9: 46007.263 | N9: 46007.229 | O9: 46007.259 | P9: 10 | Q9: 41.22 | R9: 41.22 | S9: 0 | T9: 0 | U9: 0 | V9: 23.63 | W9: 9 | X9: 9 | Y9: 14 | Z9: 5 | AA9: 8 | AB9: 0 | AC9: ["android"] | AD9: ["5414dcf2-886e-469c-a5db-aad7f21e6648"] | AE9: {"REACTION":265783,"TEAM_CHEER":295713,"MESSAGE":680725,"ACTIVITY_START":457438,"STAGE_TIME":213802,"STUDENT_CHEER":60000,"SLIDE_PREVIEW":5629,"ZOOM_IN":19620} | AF9: {} | AG9: 14796 | AH9: 636745 | AI9: 0 | AJ9: [2] | AK9: ["Saudi Arabia"] | AL9: ÿ£. ÿ≠ÿ≥ŸÜ ÿ®ŸÜ ÿ≥ÿπŸäÿØ | AN9: YH2L | AO9: 20251216
A10: 646388 | B10: ÿ£. ŸÜŸàÿßŸÅ ÿßŸÑŸÇŸÖŸäÿπ | C10: FACILITATOR | E10: LIVE_CLASS | F10: 54332 | G10: 70690 | H10: 46007.228 | I10: 46007.263 | J10: 49.98 | K10: 49.98 | L10: 46007.219 | M10: 46007.263 | N10: 46007.219 | O10: 46007.234 | P10: 2 | Q10: 0.33 | R10: 0.22 | S10: 0.12 | T10: 0 | U10: 0.12 | V10: 0 | Y10: 0 | Z10: 0 | AA10: 0 | AB10: 0 | AC10: ["web"] | AD10: ["367892a3-19bb-4418-bde9-5e058b26207f"] | AG10: 14796 | AH10: 636745 | AI10: 0 | AJ10: [2] | AK10: ["Saudi Arabia"] | AL10: ÿ£. ŸÜŸàÿßŸÅ ÿßŸÑŸÇŸÖŸäÿπ | AN10: 2WXQ | AO10: 20251216
A11: 647295 | B11: ŸÖÿ≠ŸÖÿØ ÿßŸÑŸÅŸàÿßÿ≤ | C11: STUDENT | D11: positive | E11: LIVE_CLASS | F11: 54332 | G11: 70690 | H11: 46007.228 | I11: 46007.263 | J11: 49.98 | K11: 49.98 | L11: 46007.219 | M11: 46007.263 | N11: 46007.224 | O11: 46007.263 | P11: 2 | Q11: 49.25 | R11: 44.13 | S11: 5.12 | T11: 0 | U11: 5.12 | V11: 1.49 | W11: 0 | X11: 0 | Y11: 0 | Z11: 0 | AA11: 0 | AB11: 0 | AC11: ["android"] | AD11: ["8e906e0b-6a9d-4bfe-b7cc-06f260532b34"] | AE11: {"ZOOM_IN":59487,"REACTION":30000} | AF11: {} | AG11: 14796 | AH11: 636745 | AI11: 0 | AJ11: [2] | AK11: ["Saudi Arabia"] | AL11: ÿ£. ŸÜŸàÿßŸÅ ÿßŸÑŸÇŸÖŸäÿπ | AN11: 2WXQ | AO11: 20251216
A12: 652940 | B12: ŸÅŸáÿØ ÿßŸÑÿØÿ∫Ÿäÿ¥ŸÖ | C12: STUDENT | E12: LIVE_CLASS | F12: 54332 | G12: 70690 | H12: 46007.228 | I12: 46007.263 | J12: 49.98 | K12: 49.98 | L12: 46007.219 | M12: 46007.263 | N12: 46007.241 | O12: 46007.26 | P12: 1 | Q12: 27.2 | R12: 27.2 | S12: 0 | T12: 0 | U12: 0 | V12: 5.51 | W12: 6 | X12: 6 | Y12: 0 | Z12: 0 | AA12: 0 | AB12: 0 | AC12: ["android"] | AD12: ["50a635f8-bae7-49e8-8993-106961e25a67"] | AE12: {"ACTIVITY_START":253897,"REACTION":90000,"ZOOM_IN":52413} | AF12: {"1396621":{"ZOOM_IN":52413}} | AG12: 14796 | AH12: 636745 | AI12: 0 | AJ12: [2] | AK12: ["Saudi Arabia"] | AL12: ÿ£. ÿπÿ®ÿØÿßŸÑÿ±ÿ≠ŸÖŸÜ ÿßŸÑÿ≥ÿßŸÑŸÖŸä | AN12: 7B3M | AO12: 20251216
A13: 647426 | B13: ÿπÿ®ÿØÿßŸÑŸÑŸá ÿ≥ÿπÿØ ÿßŸÑŸÇÿ≠ÿ∑ÿßŸÜŸä | C13: STUDENT | D13: neutral | E13: LIVE_CLASS | F13: 54332 | G13: 70690 | H13: 46007.228 | I13: 46007.263 | J13: 49.98 | K13: 49.98 | L13: 46007.219 | M13: 46007.263 | N13: 46007.23 | O13: 46007.261 | P13: 3 | Q13: 44.63 | R13: 44.63 | S13: 0 | T13: 0 | U13: 0 | V13: 11.75 | W13: 13 | X13: 13 | Y13: 3 | Z13: 0 | AA13: 0 | AB13: 0 | AC13: ["android"] | AD13: ["7f163fb4-fb87-4d03-964b-70d7547a59bd"] | AE13: {"STUDENT_CHEER":24630,"MESSAGE":78700,"ACTIVITY_START":507329,"REACTION":120000,"ZOOM_IN":62970} | AF13: {"1396621":{"ZOOM_IN":31780},"1396620":{"ZOOM_IN":31190}} | AG13: 14796 | AH13: 636745 | AI13: 0 | AJ13: [2] | AK13: ["Saudi Arabia"] | AL13: ÿ£. ÿ≠ÿ≥ŸÜ ÿ®ŸÜ ÿ≥ÿπŸäÿØ | AN13: YH2L | AO13: 20251216
A14: 679059 | B14: ÿßÿ≠ŸÖÿØ ÿßŸÑÿ≤Ÿáÿ±ÿßŸÜŸä | C14: FACILITATOR | E14: LIVE_CLASS | F14: 54332 | G14: 70690 | H14: 46007.228 | I14: 46007.263 | J14: 49.98 | K14: 49.98 | L14: 46007.219 | M14: 46007.263 | N14: 46007.233 | O14: 46007.262 | P14: 16 | Q14: 28.93 | R14: 28.93 | S14: 0 | T14: 0 | U14: 0 | V14: 0 | Y14: 0 | Z14: 0 | AA14: 0 | AB14: 0 | AC14: ["web"] | AD14: ["de90334e-7d64-4d85-81b7-50af23946099"] | AG14: 14796 | AH14: 636745 | AI14: 0 | AJ14: [2] | AK14: ["Saudi Arabia"] | AL14: ÿßÿ≠ŸÖÿØ ÿßŸÑÿ≤Ÿáÿ±ÿßŸÜŸä | AM14: ÿßÿ≠ŸÖÿØ ÿßŸÑÿ≤Ÿáÿ±ÿßŸÜŸä | AN14: 8UQ4 | AO14: 20251216
A15: 648953 | B15: ÿπÿ®ÿØÿßŸÑÿπÿ≤Ÿäÿ≤ ÿßŸÑŸÖŸÜŸÇŸàÿ± | C15: STUDENT | D15: positive | E15: LIVE_CLASS | F15: 54332 | G15: 70690 | H15: 46007.228 | I15: 46007.263 | J15: 49.98 | K15: 49.98 | L15: 46007.219 | M15: 46007.263 | N15: 46007.23 | O15: 46007.263 | P15: 2 | Q15: 48.13 | R15: 48.13 | S15: 0 | T15: 0 | U15: 0 | V15: 12.45 | W15: 11 | X15: 11 | Y15: 0 | Z15: 0 | AA15: 0 | AB15: 0 | AC15: ["android"] | AD15: ["92b728f3-4db6-4a7e-bda7-7fbf4bc26c67"] | AE15: {"TEAM_CHEER":296043,"REACTION":150000,"ACTIVITY_START":338694} | AF15: {} | AG15: 14796 | AH15: 636745 | AI15: 0 | AJ15: [2] | AK15: ["Saudi Arabia"] | AL15: ÿ£. ŸÜŸàÿßŸÅ ÿßŸÑŸÇŸÖŸäÿπ | AN15: 2WXQ | AO15: 20251216
A16: 648951 | B16: ÿ•ÿ®ÿ±ÿßŸáŸäŸÖ ÿ®ŸÜ ÿØÿßŸäŸÑ | C16: STUDENT | D16: neutral | E16: LIVE_CLASS | F16: 54332 | G16: 70690 | H16: 46007.228 | I16: 46007.263 | J16: 49.98 | K16: 49.98 | L16: 46007.219 | M16: 46007.263 | N16: 46007.255 | O16: 46007.263 | P16: 1 | Q16: 11.95 | R16: 11.95 | S16: 0 | T16: 0 | U16: 0 | V16: 4.08 | W16: 8 | X16: 8 | Y16: 1 | Z16: 0 | AA16: 0 | AB16: 0 | AC16: ["android"] | AD16: ["1bd1d401-d4bd-4272-ba1f-c0d26794966d"] | AE16: {"ZOOM_IN":35595,"ACTIVITY_START":155497,"REACTION":45147,"MESSAGE":30000} | AF16: {"1396621":{"ZOOM_IN":35595}} | AG16: 14796 | AH16: 636745 | AI16: 0 | AJ16: [2] | AK16: ["Saudi Arabia"] | AL16: ÿ£. ŸÜŸàÿßŸÅ ÿßŸÑŸÇŸÖŸäÿπ | AN16: 2WXQ | AO16: 20251216
A17: 657525 | B17: ŸÅŸáÿØ ÿßŸÑÿ≥ŸÜŸäÿØŸä | C17: STUDENT | D17: negative | E17: LIVE_CLASS | F17: 54332 | G17: 70690 | H17: 46007.228 | I17: 46007.263 | J17: 49.98 | K17: 49.98 | L17: 46007.219 | M17: 46007.263 | N17: 46007.23 | O17: 46007.263 | P17: 1 | Q17: 47.8 | R17: 47.8 | S17: 0 | T17: 0 | U17: 0 | V17: 17.26 | W17: 13 | X17: 13 | Y17: 4 | Z17: 1 | AA17: 0 | AB17: 0 | AC17: ["android"] | AD17: ["0ac96dc8-bafa-4afa-b682-3d2243a37634"] | AE17: {"TEAM_CHEER":300000,"MESSAGE":180000,"SLIDE_PREVIEW":3880,"ACTIVITY_START":562145,"REACTION":120000,"ZOOM_IN":65636} | AF17: {"1396625":{"SLIDE_PREVIEW":3880}} | AG17: 14796 | AH17: 636745 | AI17: 0 | AJ17: [2] | AK17: ["Saudi Arabia"] | AL17: ÿ£. ÿπÿ®ÿØÿßŸÑÿ±ÿ≠ŸÖŸÜ ÿßŸÑÿ≥ÿßŸÑŸÖŸä | AN17: 7B3M | AO17: 20251216
A18: 647306 | B18: ŸäŸàÿ≥ŸÅ ÿßŸÑÿ≠ÿ±ÿ®Ÿä | C18: STUDENT | D18: positive | E18: LIVE_CLASS | F18: 54332 | G18: 70690 | H18: 46007.228 | I18: 46007.263 | J18: 49.98 | K18: 49.98 | L18: 46007.219 | M18: 46007.263 | N18: 46007.247 | O18: 46007.263 | P18: 1 | Q18: 22.68 | R18: 22.68 | S18: 0 | T18: 0 | U18: 0 | V18: 8.48 | W18: 10 | X18: 10 | Y18: 1 | Z18: 0 | AA18: 0 | AB18: 0 | AC18: ["android"] | AD18: ["368a6cee-8e52-45e7-9db0-e52987b377e5"] | AE18: {"SLIDE_PREVIEW":48324,"ACTIVITY_START":382429,"REACTION":60000,"MESSAGE":30000} | AF18: {"1396622":{"SLIDE_PREVIEW":48324}} | AG18: 14796 | AH18: 636745 | AI18: 0 | AJ18: [2] | AK18: ["Saudi Arabia"] | AL18: ÿ£. ŸÜŸàÿßŸÅ ÿßŸÑŸÇŸÖŸäÿπ | AN18: 2WXQ | AO18: 20251216
A19: 648986 | B19: ÿ®ŸÜÿØÿ± ÿßŸÑÿ∫ÿßŸÖÿØŸä | C19: STUDENT | D19: positive | E19: LIVE_CLASS | F19: 54332 | G19: 70690 | H19: 46007.228 | I19: 46007.263 | J19: 49.98 | K19: 49.98 | L19: 46007.219 | M19: 46007.263 | N19: 46007.231 | O19: 46007.263 | P19: 1 | Q19: 46.75 | R19: 46.75 | S19: 0 | T19: 0 | U19: 0 | V19: 15.39 | W19: 4 | X19: 4 | Y19: 0 | Z19: 0 | AA19: 0 | AB19: 0 | AC19: ["android"] | AD19: ["0bd75702-8eeb-4042-8089-d5ef884987d5"] | AE19: {"ACTIVITY_START":811808,"REACTION":120000,"ZOOM_IN":23335} | AF19: {"1396620":{"ZOOM_IN":23335}} | AG19: 14796 | AH19: 636745 | AI19: 0 | AJ19: [2] | AK19: ["Saudi Arabia"] | AL19: ÿ£. ÿ≠ÿ≥ŸÜ ÿ®ŸÜ ÿ≥ÿπŸäÿØ | AN19: YH2L | AO19: 20251216
A20: 636745 | B20: ÿ£.ÿπÿ®ÿØÿßŸÑÿ±ÿ≤ÿßŸÇ ÿßŸÑÿ¥ÿ±ŸäŸÅ | C20: TEACHER | E20: LIVE_CLASS | F20: 54332 | G20: 70690 | H20: 46007.228 | I20: 46007.263 | J20: 49.98 | K20: 49.98 | L20: 46007.219 | M20: 46007.263 | N20: 46007.228 | O20: 46007.263 | P20: 3 | Q20: 49.98 | R20: 49.98 | Y20: 1 | AA20: 1 | AB20: 3 | AC20: ["web"] | AD20: ["745c9fea-e435-4d9f-88e4-86c5df3192fc"] | AG20: 14796 | AH20: 636745 | AI20: 1 | AJ20: [2] | AK20: ["Saudi Arabia"] | AO20: 20251216
A21: 647433 | B21: ŸÅŸäÿµŸÑ ÿßŸÑÿ®ÿ¥ÿ±Ÿä | C21: STUDENT | D21: positive | E21: LIVE_CLASS | F21: 54332 | G21: 70690 | H21: 46007.228 | I21: 46007.263 | J21: 49.98 | K21: 49.98 | L21: 46007.219 | M21: 46007.263 | N21: 46007.23 | O21: 46007.263 | P21: 1 | Q21: 47.23 | R21: 47.23 | S21: 0 | T21: 0 | U21: 0 | V21: 12.92 | W21: 13 | X21: 13 | Y21: 0 | Z21: 1 | AA21: 0 | AB21: 0 | AC21: ["android"] | AD21: ["22af8b0d-c940-45a8-ab6e-26ba1e5ba793"] | AE21: {"SLIDE_PREVIEW":13888,"ACTIVITY_START":654730,"REACTION":150000,"MESSAGE":60000} | AF21: {"1396625":{"SLIDE_PREVIEW":13888}} | AG21: 14796 | AH21: 636745 | AI21: 0 | AJ21: [2] | AK21: ["Saudi Arabia"] | AL21: ÿ£. ÿ≠ÿ≥ŸÜ ÿ®ŸÜ ÿ≥ÿπŸäÿØ | AN21: YH2L | AO21: 20251216
A22: 647499 | B22: ÿπÿ®ÿØÿßŸÑÿ±ÿ≠ŸÖŸÜ ÿßŸÑÿ∫ÿßŸÜŸÖ | C22: STUDENT | D22: positive | E22: LIVE_CLASS | F22: 54332 | G22: 70690 | H22: 46007.228 | I22: 46007.263 | J22: 49.98 | K22: 49.98 | L22: 46007.219 | M22: 46007.263 | N22: 46007.234 | O22: 46007.263 | P22: 4 | Q22: 40.83 | R22: 40.83 | S22: 0 | T22: 0 | U22: 0 | V22: 9.49 | W22: 13 | X22: 13 | Y22: 2 | Z22: 0 | AA22: 0 | AB22: 0 | AC22: ["android"] | AD22: ["b73d08aa-3984-43c2-a1fa-748b8b6e5b1d"] | AE22: {"ACTIVITY_START":428898,"REACTION":120000,"MESSAGE":60000,"ZOOM_IN":35883} | AF22: {"1396620":{"ZOOM_IN":35883}} | AG22: 14796 | AH22: 636745 | AI22: 0 | AJ22: [2] | AK22: ["Saudi Arabia"] | AL22: ÿ£. ÿπÿ®ÿØÿßŸÑÿ±ÿ≠ŸÖŸÜ ÿßŸÑÿ≥ÿßŸÑŸÖŸä | AN22: 7B3M | AO22: 20251216
A23: 647748 | B23: ÿπÿ®ÿØÿßŸÑÿπÿ≤Ÿäÿ≤ ÿßŸÑÿπŸÖÿßÿ± | C23: STUDENT | D23: positive | E23: LIVE_CLASS | F23: 54332 | G23: 70690 | H23: 46007.228 | I23: 46007.263 | J23: 49.98 | K23: 49.98 | L23: 46007.219 | M23: 46007.263 | N23: 46007.229 | O23: 46007.263 | P23: 3 | Q23: 47.47 | R23: 47.47 | S23: 0 | T23: 0 | U23: 0 | V23: 17.64 | W23: 10 | X23: 10 | Y23: 1 | Z23: 0 | AA23: 0 | AB23: 0 | AC23: ["android"] | AD23: ["372a279a-00a0-48df-8157-2a72479d7028"] | AE23: {"REACTION":150000,"TEAM_CHEER":301159,"ZOOM_IN":142897,"ACTIVITY_START":582283,"MESSAGE":30000} | AF23: {"1396623":{"ZOOM_IN":30000},"1396621":{"ZOOM_IN":81987}} | AG23: 14796 | AH23: 636745 | AI23: 0 | AJ23: [2] | AK23: ["Saudi Arabia"] | AL23: RHM-IKM-111 | AM23: ÿ£. ÿπÿ®ÿØÿßŸÑŸÑŸá ÿßŸÑÿ¥ŸÖÿ±Ÿä | AN23: 8MNK | AO23: 20251216
A24: 660350 | B24: ÿ£. ÿπÿ®ÿØÿßŸÑÿ±ÿ≠ŸÖŸÜ ÿßŸÑÿ≥ÿßŸÑŸÖŸä | C24: FACILITATOR | E24: LIVE_CLASS | F24: 54332 | G24: 70690 | H24: 46007.228 | I24: 46007.263 | J24: 49.98 | K24: 49.98 | L24: 46007.219 | M24: 46007.263 | N24: 46007.23 | O24: 46007.263 | P24: 11 | Q24: 25.82 | R24: 25.82 | S24: 0 | T24: 0 | U24: 0 | V24: 0 | Y24: 0 | Z24: 0 | AA24: 0 | AB24: 0 | AC24: ["web"] | AD24: ["fa9a2258-f8af-4b25-beff-8afd3afe841b"] | AG24: 14796 | AH24: 636745 | AI24: 0 | AJ24: [2] | AK24: ["Saudi Arabia"] | AL24: ÿ£. ÿπÿ®ÿØÿßŸÑÿ±ÿ≠ŸÖŸÜ ÿßŸÑÿ≥ÿßŸÑŸÖŸä | AN24: 7B3M | AO24: 20251216
A25: 652938 | B25: ŸäŸàÿ≥ŸÅ ÿßŸÑÿ∫ŸÜÿßŸÖ | C25: STUDENT | D25: positive | E25: LIVE_CLASS | F25: 54332 | G25: 70690 | H25: 46007.228 | I25: 46007.263 | J25: 49.98 | K25: 49.98 | L25: 46007.219 | M25: 46007.263 | N25: 46007.231 | O25: 46007.263 | P25: 1 | Q25: 45.38 | R25: 45.38 | S25: 0 | T25: 0 | U25: 0 | V25: 14.03 | W25: 0 | X25: 0 | Y25: 0 | Z25: 0 | AA25: 0 | AB25: 0 | AC25: ["android"] | AD25: ["95c070ab-3722-46dd-9569-a1f69794944a"] | AE25: {"ACTIVITY_START":811808,"REACTION":30000} | AF25: {} | AG25: 14796 | AH25: 636745 | AI25: 0 | AJ25: [2] | AK25: ["Saudi Arabia"] | AL25: ÿ£. ÿπÿ®ÿØÿßŸÑÿ±ÿ≠ŸÖŸÜ ÿßŸÑÿ≥ÿßŸÑŸÖŸä | AN25: 7B3M | AO25: 20251216
A26: 651452 | B26: Ÿäÿßÿ≥ÿ± ÿßŸÑÿØŸàÿ≥ÿ±Ÿä | C26: STUDENT | D26: positive | E26: LIVE_CLASS | F26: 54332 | G26: 70690 | H26: 46007.228 | I26: 46007.263 | J26: 49.98 | K26: 49.98 | L26: 46007.219 | M26: 46007.263 | N26: 46007.232 | O26: 46007.263 | P26: 1 | Q26: 45.28 | R26: 45.28 | S26: 0 | T26: 0 | U26: 0 | V26: 15.12 | W26: 13 | X26: 13 | Y26: 2 | Z26: 1 | AA26: 0 | AB26: 0 | AC26: ["android"] | AD26: ["deda385c-a9bf-406f-8118-7e47f3d92240"] | AE26: {"ACTIVITY_START":443288,"REACTION":150000,"MESSAGE":120000,"TEAM_CHEER":300000} | AF26: {} | AG26: 14796 | AH26: 636745 | AI26: 0 | AJ26: [2] | AK26: ["Saudi Arabia"] | AL26: ÿ£. ÿπÿ®ÿØÿßŸÑÿ±ÿ≠ŸÖŸÜ ÿßŸÑÿ≥ÿßŸÑŸÖŸä | AN26: 7B3M | AO26: 20251216
A27: 647739 | B27: ÿπÿ®ÿØÿßŸÑÿ±ÿ≠ŸÖŸÜ ÿßŸÑÿ≤Ÿáÿ±ÿßŸÜŸä | C27: STUDENT | D27: positive | E27: LIVE_CLASS | F27: 54332 | G27: 70690 | H27: 46007.228 | I27: 46007.263 | J27: 49.98 | K27: 49.98 | L27: 46007.219 | M27: 46007.263 | N27: 46007.255 | O27: 46007.263 | P27: 2 | Q27: 11.27 | R27: 11.27 | S27: 0 | T27: 0 | U27: 0 | V27: 4.94 | W27: 9 | X27: 9 | Y27: 0 | Z27: 0 | AA27: 0 | AB27: 0 | AC27: ["android"] | AD27: ["2169ae16-1a3e-4c5a-9c32-8ae2a703372b"] | AE27: {"ACTIVITY_START":234965,"ZOOM_IN":80991} | AF27: {"1396620":{"ZOOM_IN":80991}} | AG27: 14796 | AH27: 636745 | AI27: 0 | AJ27: [2] | AK27: ["Saudi Arabia"] | AL27: RHM-IKM-111 | AM27: ÿ£. ÿπÿ®ÿØÿßŸÑŸÑŸá ÿßŸÑÿ¥ŸÖÿ±Ÿä | AN27: 8MNK | AO27: 20251216
A28: 652933 | B28: ŸÅŸáÿØ ÿßŸÑÿ≥ŸÜŸäÿØŸä | C28: STUDENT | E28: LIVE_CLASS | F28: 54332 | G28: 70690 | H28: 46007.228 | I28: 46007.263 | J28: 49.98 | K28: 49.98 | L28: 46007.219 | M28: 46007.263 | N28: 46007.256 | O28: 46007.263 | P28: 1 | Q28: 10.33 | R28: 10.33 | S28: 0 | T28: 0 | U28: 0 | V28: 5.01 | W28: 4 | X28: 4 | Y28: 0 | Z28: 0 | AA28: 0 | AB28: 0 | AC28: ["android"] | AD28: ["79ee445a-a091-4c84-9a14-c0f7045b5205"] | AE28: {"ACTIVITY_START":300406} | AF28: {} | AG28: 14796 | AH28: 636745 | AI28: 0 | AJ28: [2] | AK28: ["Saudi Arabia"] | AL28: ÿ£. ÿπÿ®ÿØÿßŸÑÿ±ÿ≠ŸÖŸÜ ÿßŸÑÿ≥ÿßŸÑŸÖŸä | AN28: 7B3M | AO28: 20251216
A29: 648959 | B29: ŸÉÿ±ŸÖ ÿ∫ŸÜÿßŸäŸÖ | C29: STUDENT | D29: neutral | E29: LIVE_CLASS | F29: 54332 | G29: 70690 | H29: 46007.228 | I29: 46007.263 | J29: 49.98 | K29: 49.98 | L29: 46007.219 | M29: 46007.263 | N29: 46007.229 | O29: 46007.262 | P29: 2 | Q29: 47.45 | R29: 47.45 | S29: 0 | T29: 0 | U29: 0 | V29: 20.71 | W29: 13 | X29: 13 | Y29: 6 | Z29: 1 | AA29: 6 | AB29: 0 | AC29: ["android"] | AD29: ["8d59d01c-2c48-4bcd-9557-8765d5ea2e5f"] | AE29: {"REACTION":180000,"TEAM_CHEER":300000,"MESSAGE":222287,"SLIDE_PREVIEW":18140,"ACTIVITY_START":493979,"ZOOM_IN":224359,"STAGE_TIME":112955,"STUDENT_CHEER":30000} | AF29: {"1396625":{"SLIDE_PREVIEW":10136},"1396620":{"ZOOM_IN":69921}} | AG29: 14796 | AH29: 636745 | AI29: 0 | AJ29: [2] | AK29: ["Saudi Arabia"] | AL29: ÿ£. ÿ≠ÿ≥ŸÜ ÿ®ŸÜ ÿ≥ÿπŸäÿØ | AN29: YH2L | AO29: 20251216

Sheet f_user_reaction_70690
A1: course_session_id | B1: room_id | C1: user_id | D1: event_datetime | E1: session_slide_id_reaction_made | F1: session_slide_id | G1: emotion | H1: part_of_activity | I1: total_reactions | J1: dt
A2: 70690 | B2: 54332 | C2: 647306 | D2: 46007.249 | E2: 1396622 | F2: 1396622 | G2: skip | H2: 1 | I2: 1 | J2: 20251216
A3: 70690 | B3: 54332 | C3: 647433 | D3: 46007.236 | E3: 1396625 | F3: 1396625 | G3: stronger | H3: 1 | I3: 1 | J3: 20251216
A4: 70690 | B4: 54332 | C4: 648959 | D4: 46007.25 | E4: 1396622 | F4: 1396622 | G4: loved | H4: 1 | I4: 1 | J4: 20251216
A5: 70690 | B5: 54332 | C5: 651452 | D5: 46007.243 | E5: 1396624 | F5: 1396624 | G5: stronger | H5: 1 | I5: 1 | J5: 20251216
A6: 70690 | B6: 54332 | C6: 652934 | D6: 46007.23 | E6: 1396599 | G6: loved | H6: 0 | I6: 1 | J6: 20251216
A7: 70690 | B7: 54332 | C7: 648953 | D7: 46007.253 | E7: 1396622 | F7: 1396622 | G7: loved | H7: 1 | I7: 1 | J7: 20251216
A8: 70690 | B8: 54332 | C8: 647748 | D8: 46007.23 | E8: 1396599 | G8: skip | H8: 0 | I8: 1 | J8: 20251216
A9: 70690 | B9: 54332 | C9: 657525 | D9: 46007.245 | E9: 1396623 | F9: 1396623 | G9: skip | H9: 1 | I9: 1 | J9: 20251216
A10: 70690 | B10: 54332 | C10: 647404 | D10: 46007.244 | E10: 1396624 | F10: 1396624 | G10: loved | H10: 1 | I10: 1 | J10: 20251216
A11: 70690 | B11: 54332 | C11: 647496 | D11: 46007.236 | E11: 1396625 | F11: 1396625 | G11: skip | H11: 1 | I11: 1 | J11: 20251216
A12: 70690 | B12: 54332 | C12: 647504 | D12: 46007.235 | E12: 1396625 | F12: 1396625 | G12: skip | H12: 0 | I12: 1 | J12: 20251216
A13: 70690 | B13: 54332 | C13: 652958 | D13: 46007.243 | E13: 1396624 | F13: 1396624 | G13: skip | H13: 1 | I13: 1 | J13: 20251216
A14: 70690 | B14: 54332 | C14: 648953 | D14: 46007.236 | E14: 1396625 | F14: 1396625 | G14: loved | H14: 1 | I14: 1 | J14: 20251216
A15: 70690 | B15: 54332 | C15: 648951 | D15: 46007.257 | E15: 1396621 | F15: 1396621 | G15: stronger | H15: 1 | I15: 1 | J15: 20251216
A16: 70690 | B16: 54332 | C16: 652934 | D16: 46007.245 | E16: 1396623 | F16: 1396623 | G16: stronger | H16: 1 | I16: 1 | J16: 20251216
A17: 70690 | B17: 54332 | C17: 652940 | D17: 46007.249 | E17: 1396622 | F17: 1396622 | G17: skip | H17: 1 | I17: 1 | J17: 20251216
A18: 70690 | B18: 54332 | C18: 647748 | D18: 46007.244 | E18: 1396624 | F18: 1396624 | G18: skip | H18: 1 | I18: 1 | J18: 20251216
A19: 70690 | B19: 54332 | C19: 648959 | D19: 46007.244 | E19: 1396608 | G19: loved | H19: 0 | I19: 1 | J19: 20251216
A20: 70690 | B20: 54332 | C20: 647411 | D20: 46007.23 | E20: 1396599 | G20: loved | H20: 0 | I20: 1 | J20: 20251216
A21: 70690 | B21: 54332 | C21: 647748 | D21: 46007.245 | E21: 1396623 | F21: 1396623 | G21: skip | H21: 1 | I21: 1 | J21: 20251216
A22: 70690 | B22: 54332 | C22: 652934 | D22: 46007.236 | E22: 1396625 | F22: 1396625 | G22: loved | H22: 1 | I22: 1 | J22: 20251216
A23: 70690 | B23: 54332 | C23: 648953 | D23: 46007.231 | E23: 1396599 | G23: loved | H23: 0 | I23: 1 | J23: 20251216
A24: 70690 | B24: 54332 | C24: 657525 | D24: 46007.243 | E24: 1396624 | F24: 1396624 | G24: skip | H24: 1 | I24: 1 | J24: 20251216
A25: 70690 | B25: 54332 | C25: 651452 | D25: 46007.236 | E25: 1396625 | F25: 1396625 | G25: stronger | H25: 1 | I25: 1 | J25: 20251216
A26: 70690 | B26: 54332 | C26: 647404 | D26: 46007.23 | E26: 1396599 | G26: loved | H26: 0 | I26: 1 | J26: 20251216
A27: 70690 | B27: 54332 | C27: 647306 | D27: 46007.257 | E27: 1396621 | F27: 1396621 | G27: loved | H27: 1 | I27: 1 | J27: 20251216
A28: 70690 | B28: 54332 | C28: 647748 | D28: 46007.236 | E28: 1396625 | F28: 1396625 | G28: skip | H28: 1 | I28: 1 | J28: 20251216
A29: 70690 | B29: 54332 | C29: 648986 | D29: 46007.251 | E29: 1396622 | F29: 1396622 | G29: skip | H29: 1 | I29: 1 | J29: 20251216
A30: 70690 | B30: 54332 | C30: 651452 | D30: 46007.249 | E30: 1396622 | F30: 1396622 | G30: stronger | H30: 1 | I30: 1 | J30: 20251216
A31: 70690 | B31: 54332 | C31: 647433 | D31: 46007.249 | E31: 1396622 | F31: 1396622 | G31: stronger | H31: 1 | I31: 1 | J31: 20251216
A32: 70690 | B32: 54332 | C32: 648986 | D32: 46007.236 | E32: 1396625 | F32: 1396625 | G32: skip | H32: 1 | I32: 1 | J32: 20251216
A33: 70690 | B33: 54332 | C33: 651452 | D33: 46007.257 | E33: 1396621 | F33: 1396621 | G33: stronger | H33: 1 | I33: 1 | J33: 20251216
A34: 70690 | B34: 54332 | C34: 647426 | D34: 46007.236 | E34: 1396625 | F34: 1396625 | G34: loved | H34: 1 | I34: 1 | J34: 20251216
A35: 70690 | B35: 54332 | C35: 651452 | D35: 46007.245 | E35: 1396623 | F35: 1396623 | G35: stronger | H35: 1 | I35: 1 | J35: 20251216
A36: 70690 | B36: 54332 | C36: 647404 | D36: 46007.247 | E36: 1396623 | F36: 1396623 | G36: loved | H36: 0 | I36: 1 | J36: 20251216
A37: 70690 | B37: 54332 | C37: 647404 | D37: 46007.25 | E37: 1396622 | F37: 1396622 | G37: loved | H37: 1 | I37: 1 | J37: 20251216
A38: 70690 | B38: 54332 | C38: 647295 | D38: 46007.24 | E38: 1396618 | F38: 1396625 | G38: loved | H38: 1 | I38: 1 | J38: 20251216
A39: 70690 | B39: 54332 | C39: 652929 | D39: 46007.238 | E39: 1396605 | F39: 1396625 | G39: skip | H39: 1 | I39: 1 | J39: 20251216
A40: 70690 | B40: 54332 | C40: 647411 | D40: 46007.231 | E40: 1396599 | G40: confused | H40: 0 | I40: 5 | J40: 20251216
A41: 70690 | B41: 54332 | C41: 647433 | D41: 46007.257 | E41: 1396621 | F41: 1396621 | G41: stronger | H41: 1 | I41: 1 | J41: 20251216
A42: 70690 | B42: 54332 | C42: 647426 | D42: 46007.245 | E42: 1396623 | F42: 1396623 | G42: loved | H42: 1 | I42: 1 | J42: 20251216
A43: 70690 | B43: 54332 | C43: 647426 | D43: 46007.243 | E43: 1396624 | F43: 1396624 | G43: stronger | H43: 1 | I43: 1 | J43: 20251216
A44: 70690 | B44: 54332 | C44: 652934 | D44: 46007.249 | E44: 1396622 | F44: 1396622 | G44: loved | H44: 1 | I44: 1 | J44: 20251216
A45: 70690 | B45: 54332 | C45: 647411 | D45: 46007.243 | E45: 1396624 | F45: 1396624 | G45: loved | H45: 1 | I45: 1 | J45: 20251216
A46: 70690 | B46: 54332 | C46: 647748 | D46: 46007.25 | E46: 1396622 | F46: 1396622 | G46: skip | H46: 1 | I46: 1 | J46: 20251216
A47: 70690 | B47: 54332 | C47: 647411 | D47: 46007.244 | E47: 1396624 | F47: 1396624 | G47: loved | H47: 0 | I47: 1 | J47: 20251216
A48: 70690 | B48: 54332 | C48: 648953 | D48: 46007.245 | E48: 1396623 | F48: 1396623 | G48: skip | H48: 1 | I48: 1 | J48: 20251216
A49: 70690 | B49: 54332 | C49: 648959 | D49: 46007.243 | E49: 1396624 | F49: 1396624 | G49: loved | H49: 1 | I49: 1 | J49: 20251216
A50: 70690 | B50: 54332 | C50: 647404 | D50: 46007.257 | E50: 1396621 | F50: 1396621 | G50: loved | H50: 1 | I50: 1 | J50: 20251216
A51: 70690 | B51: 54332 | C51: 647496 | D51: 46007.243 | E51: 1396624 | F51: 1396624 | G51: skip | H51: 1 | I51: 1 | J51: 20251216
A52: 70690 | B52: 54332 | C52: 647499 | D52: 46007.25 | E52: 1396622 | F52: 1396622 | G52: loved | H52: 1 | I52: 1 | J52: 20251216
... A73: 70690 | B73: 54332 | C73: 657525 | D73: 46007.236 | E73: 1396625 | F73: 1396625 | G73: skip | H73: 1 | I73: 1 | J73: 20251216
A74: 70690 | B74: 54332 | C74: 647411 | D74: 46007.248 | E74: 1396610 | G74: loved | H74: 0 | I74: 1 | J74: 20251216
A75: 70690 | B75: 54332 | C75: 648959 | D75: 46007.23 | E75: 1396599 | G75: loved | H75: 0 | I75: 1 | J75: 20251216
A76: 70690 | B76: 54332 | C76: 647433 | D76: 46007.245 | E76: 1396623 | F76: 1396623 | G76: stronger | H76: 1 | I76: 1 | J76: 20251216
A77: 70690 | B77: 54332 | C77: 647499 | D77: 46007.236 | E77: 1396625 | F77: 1396625 | G77: stronger | H77: 1 | I77: 1 | J77: 20251216
A78: 70690 | B78: 54332 | C78: 657525 | D78: 46007.249 | E78: 1396622 | F78: 1396622 | G78: skip | H78: 1 | I78: 1 | J78: 20251216
A79: 70690 | B79: 54332 | C79: 647433 | D79: 46007.243 | E79: 1396624 | F79: 1396624 | G79: stronger | H79: 1 | I79: 1 | J79: 20251216
A80: 70690 | B80: 54332 | C80: 652934 | D80: 46007.243 | E80: 1396624 | F80: 1396624 | G80: loved | H80: 1 | I80: 1 | J80: 20251216
A81: 70690 | B81: 54332 | C81: 647499 | D81: 46007.245 | E81: 1396623 | F81: 1396623 | G81: loved | H81: 1 | I81: 1 | J81: 20251216

Sheet f_user_poll_70690
A1: attempt_id | B1: poll_type | C1: poll_type_2 | D1: poll_id | E1: poll_source | F1: course_id | G1: course_session_id | H1: on_demand_session_id | I1: evaluation_id | J1: classroom_activity_id | K1: is_course_session_deleted | L1: poll_answered | M1: poll_seen | N1: user_id | O1: question_type | P1: question_id | Q1: question_text | R1: question_image_flag | S1: question_format | T1: show_correct_answer | U1: choice_type | V1: selected_choice_id | W1: submitted_choice_text | X1: correct_choice_id | Y1: is_correct_answer | Z1: poll_start_time | AA1: poll_end_time | AB1: poll_duration | AC1: total_choices_selected | AD1: creator_id | AE1: is_poll_deleted | AF1: poll_created_at | AG1: poll_updated_at | AH1: choice_submitted_at | AI1: rn
A2: mcq15195867 | B2: mcq | C2: EXIT_TICKET | D2: 342115 | E2: course session | F2: 14796 | G2: 70690 | J2: 148836 | K2: 0 | L2: 1 | M2: 1 | N2: 647404 | O2: has correct answer | P2: 18098 | Q2: ŸÖÿ≥ÿ™ÿ∑ŸäŸÑ ÿØÿßÿÆŸÑŸá Ÿ¶ ÿØŸàÿßÿ¶ÿ± ŸÖÿ™ÿ∑ÿßÿ®ŸÇÿ© ÿå ÿ£Ÿàÿ¨ÿØ ŸÇÿ∑ÿ± ÿßŸÑÿØÿßÿ¶ÿ±ÿ© ÿü | R2: 1 | S2: image and text | T2: 0 | U2: MCQ | V2: 91485 | X2: 91485 | Y2: 1 | Z2: 46007.26 | AA2: 46007.26 | AB2: 17 | AC2: 1 | AD2: 557612 | AE2: 0 | AF2: 46002.441 | AG2: 46002.441 | AH2: 46007.26 | AI2: 1
A3: mcq15195993 | B3: mcq | C3: EXIT_TICKET | D3: 342115 | E3: course session | F3: 14796 | G3: 70690 | J3: 148836 | K3: 0 | L3: 1 | M3: 1 | N3: 648959 | O3: has correct answer | P3: 18098 | Q3: ŸÖÿ≥ÿ™ÿ∑ŸäŸÑ ÿØÿßÿÆŸÑŸá Ÿ¶ ÿØŸàÿßÿ¶ÿ± ŸÖÿ™ÿ∑ÿßÿ®ŸÇÿ© ÿå ÿ£Ÿàÿ¨ÿØ ŸÇÿ∑ÿ± ÿßŸÑÿØÿßÿ¶ÿ±ÿ© ÿü | R3: 1 | S3: image and text | T3: 0 | U3: MCQ | V3: 91485 | X3: 91485 | Y3: 1 | Z3: 46007.261 | AA3: 46007.261 | AB3: 12 | AC3: 3 | AD3: 557612 | AE3: 0 | AF3: 46002.441 | AG3: 46002.441 | AH3: 46007.261 | AI3: 1 | AL3: 77 | AM3: poll_type_2 | AN3: (All)
A4: mcq15195818 | B4: mcq | C4: EXIT_TICKET | D4: 342115 | E4: course session | F4: 14796 | G4: 70690 | J4: 148836 | K4: 0 | L4: 1 | M4: 1 | N4: 647306 | O4: has correct answer | P4: 18098 | Q4: ŸÖÿ≥ÿ™ÿ∑ŸäŸÑ ÿØÿßÿÆŸÑŸá Ÿ¶ ÿØŸàÿßÿ¶ÿ± ŸÖÿ™ÿ∑ÿßÿ®ŸÇÿ© ÿå ÿ£Ÿàÿ¨ÿØ ŸÇÿ∑ÿ± ÿßŸÑÿØÿßÿ¶ÿ±ÿ© ÿü | R4: 1 | S4: image and text | T4: 0 | U4: MCQ | V4: 89471 | X4: 91485 | Y4: 0 | Z4: 46007.26 | AA4: 46007.26 | AB4: 27 | AC4: 1 | AD4: 557612 | AE4: 0 | AF4: 46002.441 | AG4: 46002.441 | AH4: 46007.26 | AI4: 1
A5: mcq15195820 | B5: mcq | C5: EXIT_TICKET | D5: 342115 | E5: course session | F5: 14796 | G5: 70690 | J5: 148836 | K5: 0 | L5: 1 | M5: 1 | N5: 647426 | O5: has correct answer | P5: 18098 | Q5: ŸÖÿ≥ÿ™ÿ∑ŸäŸÑ ÿØÿßÿÆŸÑŸá Ÿ¶ ÿØŸàÿßÿ¶ÿ± ŸÖÿ™ÿ∑ÿßÿ®ŸÇÿ© ÿå ÿ£Ÿàÿ¨ÿØ ŸÇÿ∑ÿ± ÿßŸÑÿØÿßÿ¶ÿ±ÿ© ÿü | R5: 1 | S5: image and text | T5: 0 | U5: MCQ | V5: 88112 | X5: 91485 | Y5: 0 | Z5: 46007.26 | AA5: 46007.26 | AB5: 10 | AC5: 1 | AD5: 557612 | AE5: 0 | AF5: 46002.441 | AG5: 46002.441 | AH5: 46007.26 | AI5: 1 | AM5: Row Labels | AN5: Sum of is_correct_answer | AO5: Sum of poll_answered | AP5: Count of user_id
A6: mcq15195870 | B6: mcq | C6: EXIT_TICKET | D6: 342115 | E6: course session | F6: 14796 | G6: 70690 | J6: 148836 | K6: 0 | L6: 1 | M6: 1 | N6: 657525 | O6: has correct answer | P6: 18098 | Q6: ŸÖÿ≥ÿ™ÿ∑ŸäŸÑ ÿØÿßÿÆŸÑŸá Ÿ¶ ÿØŸàÿßÿ¶ÿ± ŸÖÿ™ÿ∑ÿßÿ®ŸÇÿ© ÿå ÿ£Ÿàÿ¨ÿØ ŸÇÿ∑ÿ± ÿßŸÑÿØÿßÿ¶ÿ±ÿ© ÿü | R6: 1 | S6: image and text | T6: 0 | U6: MCQ | V6: 91485 | X6: 91485 | Y6: 1 | Z6: 46007.26 | AA6: 46007.26 | AB6: 43 | AC6: 1 | AD6: 557612 | AE6: 0 | AF6: 46002.441 | AG6: 46002.441 | AH6: 46007.26 | AI6: 1 | AM6: 148841 | AN6: 3 | AO6: 12 | AP6: 17 | AQ6: 0.17647059 | AS6: #REF! | AT6: #REF!
A7: mcq15195862 | B7: mcq | C7: EXIT_TICKET | D7: 342115 | E7: course session | F7: 14796 | G7: 70690 | J7: 148836 | K7: 0 | L7: 1 | M7: 1 | N7: 647748 | O7: has correct answer | P7: 18098 | Q7: ŸÖÿ≥ÿ™ÿ∑ŸäŸÑ ÿØÿßÿÆŸÑŸá Ÿ¶ ÿØŸàÿßÿ¶ÿ± ŸÖÿ™ÿ∑ÿßÿ®ŸÇÿ© ÿå ÿ£Ÿàÿ¨ÿØ ŸÇÿ∑ÿ± ÿßŸÑÿØÿßÿ¶ÿ±ÿ© ÿü | R7: 1 | S7: image and text | T7: 0 | U7: MCQ | V7: 91485 | X7: 91485 | Y7: 1 | Z7: 46007.26 | AA7: 46007.26 | AB7: 20 | AC7: 4 | AD7: 557612 | AE7: 0 | AF7: 46002.441 | AG7: 46002.441 | AH7: 46007.26 | AI7: 1 | AM7: 148840 | AN7: 7 | AO7: 11 | AP7: 18 | AT7: #REF!
A8: mcq15195924 | B8: mcq | C8: EXIT_TICKET | D8: 342115 | E8: course session | F8: 14796 | G8: 70690 | J8: 148836 | K8: 0 | L8: 1 | M8: 1 | N8: 648953 | O8: has correct answer | P8: 18098 | Q8: ŸÖÿ≥ÿ™ÿ∑ŸäŸÑ ÿØÿßÿÆŸÑŸá Ÿ¶ ÿØŸàÿßÿ¶ÿ± ŸÖÿ™ÿ∑ÿßÿ®ŸÇÿ© ÿå ÿ£Ÿàÿ¨ÿØ ŸÇÿ∑ÿ± ÿßŸÑÿØÿßÿ¶ÿ±ÿ© ÿü | R8: 1 | S8: image and text | T8: 0 | U8: MCQ | V8: 83110 | X8: 91485 | Y8: 0 | Z8: 46007.26 | AA8: 46007.26 | AB8: 1 | AC8: 1 | AD8: 557612 | AE8: 0 | AF8: 46002.441 | AG8: 46002.441 | AH8: 46007.26 | AI8: 1 | AM8: 148839 | AN8: 5 | AO8: 14 | AP8: 19 | AT8: #REF!
A9: mcq15196018 | B9: mcq | C9: EXIT_TICKET | D9: 342115 | E9: course session | F9: 14796 | G9: 70690 | J9: 148836 | K9: 0 | L9: 1 | M9: 1 | N9: 648986 | O9: has correct answer | P9: 18098 | Q9: ŸÖÿ≥ÿ™ÿ∑ŸäŸÑ ÿØÿßÿÆŸÑŸá Ÿ¶ ÿØŸàÿßÿ¶ÿ± ŸÖÿ™ÿ∑ÿßÿ®ŸÇÿ© ÿå ÿ£Ÿàÿ¨ÿØ ŸÇÿ∑ÿ± ÿßŸÑÿØÿßÿ¶ÿ±ÿ© ÿü | R9: 1 | S9: image and text | T9: 0 | U9: MCQ | V9: 91485 | X9: 91485 | Y9: 1 | Z9: 46007.26 | AA9: 46007.262 | AB9: 237 | AC9: 2 | AD9: 557612 | AE9: 0 | AF9: 46002.441 | AG9: 46002.441 | AH9: 46007.262 | AI9: 1 | AM9: 148838 | AN9: 10 | AO9: 14 | AP9: 20
A10: mcq15195960 | B10: mcq | C10: EXIT_TICKET | D10: 342115 | E10: course session | F10: 14796 | G10: 70690 | J10: 148836 | K10: 0 | L10: 1 | M10: 1 | N10: 647739 | O10: has correct answer | P10: 18098 | Q10: ŸÖÿ≥ÿ™ÿ∑ŸäŸÑ ÿØÿßÿÆŸÑŸá Ÿ¶ ÿØŸàÿßÿ¶ÿ± ŸÖÿ™ÿ∑ÿßÿ®ŸÇÿ© ÿå ÿ£Ÿàÿ¨ÿØ ŸÇÿ∑ÿ± ÿßŸÑÿØÿßÿ¶ÿ±ÿ© ÿü | R10: 1 | S10: image and text | T10: 0 | U10: MCQ | V10: 91485 | X10: 91485 | Y10: 1 | Z10: 46007.26 | AA10: 46007.26 | AB10: 11 | AC10: 1 | AD10: 557612 | AE10: 0 | AF10: 46002.441 | AG10: 46002.441 | AH10: 46007.26 | AI10: 1 | AM10: 148837 | AN10: 21 | AO10: 85 | AP10: 93
A11: mcq15195814 | B11: mcq | C11: EXIT_TICKET | D11: 342115 | E11: course session | F11: 14796 | G11: 70690 | J11: 148836 | K11: 0 | L11: 1 | M11: 1 | N11: 647433 | O11: has correct answer | P11: 18098 | Q11: ŸÖÿ≥ÿ™ÿ∑ŸäŸÑ ÿØÿßÿÆŸÑŸá Ÿ¶ ÿØŸàÿßÿ¶ÿ± ŸÖÿ™ÿ∑ÿßÿ®ŸÇÿ© ÿå ÿ£Ÿàÿ¨ÿØ ŸÇÿ∑ÿ± ÿßŸÑÿØÿßÿ¶ÿ±ÿ© ÿü | R11: 1 | S11: image and text | T11: 0 | U11: MCQ | V11: 88112 | X11: 91485 | Y11: 0 | Z11: 46007.26 | AA11: 46007.26 | AB11: 38 | AC11: 1 | AD11: 557612 | AE11: 0 | AF11: 46002.441 | AG11: 46002.441 | AH11: 46007.26 | AI11: 1 | AM11: 148836 | AN11: 31 | AO11: 58 | AP11: 64
A12: mcq15195830 | B12: mcq | C12: EXIT_TICKET | D12: 342115 | E12: course session | F12: 14796 | G12: 70690 | J12: 148836 | K12: 0 | L12: 1 | M12: 1 | N12: 651452 | O12: has correct answer | P12: 18098 | Q12: ŸÖÿ≥ÿ™ÿ∑ŸäŸÑ ÿØÿßÿÆŸÑŸá Ÿ¶ ÿØŸàÿßÿ¶ÿ± ŸÖÿ™ÿ∑ÿßÿ®ŸÇÿ© ÿå ÿ£Ÿàÿ¨ÿØ ŸÇÿ∑ÿ± ÿßŸÑÿØÿßÿ¶ÿ±ÿ© ÿü | R12: 1 | S12: image and text | T12: 0 | U12: MCQ | V12: 91485 | X12: 91485 | Y12: 1 | Z12: 46007.26 | AA12: 46007.26 | AB12: 9 | AC12: 1 | AD12: 557612 | AE12: 0 | AF12: 46002.441 | AG12: 46002.441 | AH12: 46007.26 | AI12: 1 | AM12: Grand Total | AN12: 77 | AO12: 194 | AP12: 231 | AQ12: 0.33333333
A13: mcq15195899 | B13: mcq | C13: EXIT_TICKET | D13: 342115 | E13: course session | F13: 14796 | G13: 70690 | J13: 148836 | K13: 0 | L13: 1 | M13: 1 | N13: 647499 | O13: has correct answer | P13: 18098 | Q13: ŸÖÿ≥ÿ™ÿ∑ŸäŸÑ ÿØÿßÿÆŸÑŸá Ÿ¶ ÿØŸàÿßÿ¶ÿ± ŸÖÿ™ÿ∑ÿßÿ®ŸÇÿ© ÿå ÿ£Ÿàÿ¨ÿØ ŸÇÿ∑ÿ± ÿßŸÑÿØÿßÿ¶ÿ±ÿ© ÿü | R13: 1 | S13: image and text | T13: 0 | U13: MCQ | V13: 91485 | X13: 91485 | Y13: 1 | Z13: 46007.26 | AA13: 46007.26 | AB13: 9 | AC13: 1 | AD13: 557612 | AE13: 0 | AF13: 46002.441 | AG13: 46002.441 | AH13: 46007.26 | AI13: 1
A14: mcq15195821 | B14: mcq | C14: EXIT_TICKET | D14: 342115 | E14: course session | F14: 14796 | G14: 70690 | J14: 148836 | K14: 0 | L14: 0 | M14: 0 | N14: 652933 | O14: has correct answer | P14: 18098 | Q14: ŸÖÿ≥ÿ™ÿ∑ŸäŸÑ ÿØÿßÿÆŸÑŸá Ÿ¶ ÿØŸàÿßÿ¶ÿ± ŸÖÿ™ÿ∑ÿßÿ®ŸÇÿ© ÿå ÿ£Ÿàÿ¨ÿØ ŸÇÿ∑ÿ± ÿßŸÑÿØÿßÿ¶ÿ±ÿ© ÿü | R14: 1 | S14: image and text | T14: 0 | U14: MCQ | V14: -1 | X14: 91485 | Z14: 46007.26 | AA14: 46007.26 | AC14: 0 | AD14: 557612 | AE14: 0 | AF14: 46002.441 | AG14: 46002.441 | AI14: 1
A15: mcq15195817 | B15: mcq | C15: EXIT_TICKET | D15: 342115 | E15: course session | F15: 14796 | G15: 70690 | J15: 148836 | K15: 0 | L15: 0 | M15: 0 | N15: 652938 | O15: has correct answer | P15: 18098 | Q15: ŸÖÿ≥ÿ™ÿ∑ŸäŸÑ ÿØÿßÿÆŸÑŸá Ÿ¶ ÿØŸàÿßÿ¶ÿ± ŸÖÿ™ÿ∑ÿßÿ®ŸÇÿ© ÿå ÿ£Ÿàÿ¨ÿØ ŸÇÿ∑ÿ± ÿßŸÑÿØÿßÿ¶ÿ±ÿ© ÿü | R15: 1 | S15: image and text | T15: 0 | U15: MCQ | V15: -1 | X15: 91485 | Z15: 46007.26 | AA15: 46007.26 | AC15: 0 | AD15: 557612 | AE15: 0 | AF15: 46002.441 | AG15: 46002.441 | AI15: 1
A16: mcq15195815 | B16: mcq | C16: EXIT_TICKET | D16: 342115 | E16: course session | F16: 14796 | G16: 70690 | J16: 148836 | K16: 0 | L16: 1 | M16: 1 | N16: 647496 | O16: has correct answer | P16: 18098 | Q16: ŸÖÿ≥ÿ™ÿ∑ŸäŸÑ ÿØÿßÿÆŸÑŸá Ÿ¶ ÿØŸàÿßÿ¶ÿ± ŸÖÿ™ÿ∑ÿßÿ®ŸÇÿ© ÿå ÿ£Ÿàÿ¨ÿØ ŸÇÿ∑ÿ± ÿßŸÑÿØÿßÿ¶ÿ±ÿ© ÿü | R16: 1 | S16: image and text | T16: 0 | U16: MCQ | V16: 91485 | X16: 91485 | Y16: 1 | Z16: 46007.26 | AA16: 46007.26 | AB16: 34 | AC16: 1 | AD16: 557612 | AE16: 0 | AF16: 46002.441 | AG16: 46002.441 | AH16: 46007.26 | AI16: 1
A17: mcq15195833 | B17: mcq | C17: EXIT_TICKET | D17: 342115 | E17: course session | F17: 14796 | G17: 70690 | J17: 148836 | K17: 0 | L17: 1 | M17: 1 | N17: 648951 | O17: has correct answer | P17: 18098 | Q17: ŸÖÿ≥ÿ™ÿ∑ŸäŸÑ ÿØÿßÿÆŸÑŸá Ÿ¶ ÿØŸàÿßÿ¶ÿ± ŸÖÿ™ÿ∑ÿßÿ®ŸÇÿ© ÿå ÿ£Ÿàÿ¨ÿØ ŸÇÿ∑ÿ± ÿßŸÑÿØÿßÿ¶ÿ±ÿ© ÿü | R17: 1 | S17: image and text | T17: 0 | U17: MCQ | V17: 88112 | X17: 91485 | Y17: 0 | Z17: 46007.26 | AA17: 46007.26 | AB17: 39 | AC17: 1 | AD17: 557612 | AE17: 0 | AF17: 46002.441 | AG17: 46002.441 | AH17: 46007.26 | AI17: 1
A18: mcq15195836 | B18: mcq | C18: EXIT_TICKET | D18: 342115 | E18: course session | F18: 14796 | G18: 70690 | J18: 148836 | K18: 0 | L18: 1 | M18: 1 | N18: 652934 | O18: has correct answer | P18: 18098 | Q18: ŸÖÿ≥ÿ™ÿ∑ŸäŸÑ ÿØÿßÿÆŸÑŸá Ÿ¶ ÿØŸàÿßÿ¶ÿ± ŸÖÿ™ÿ∑ÿßÿ®ŸÇÿ© ÿå ÿ£Ÿàÿ¨ÿØ ŸÇÿ∑ÿ± ÿßŸÑÿØÿßÿ¶ÿ±ÿ© ÿü | R18: 1 | S18: image and text | T18: 0 | U18: MCQ | V18: 91485 | X18: 91485 | Y18: 1 | Z18: 46007.26 | AA18: 46007.26 | AB18: 1 | AC18: 1 | AD18: 557612 | AE18: 0 | AF18: 46002.441 | AG18: 46002.441 | AH18: 46007.26 | AI18: 1
A19: mcq15193754 | B19: mcq | C19: TEAM_EXERCISE | D19: 342120 | E19: course session | F19: 14796 | G19: 70690 | J19: 148837 | K19: 0 | L19: 1 | M19: 1 | N19: 647748 | O19: has correct answer | P19: 367083 | Q19: ÿ£Ÿàÿ¨ÿØ ŸÖÿ≥ÿßÿ≠ÿ© ÿßŸÑÿØÿßÿ¶ÿ±ÿ©&nbsp; | R19: 1 | S19: image and text | T19: 1 | U19: MCQ | V19: 1428917 | X19: 1428917 | Y19: 1 | Z19: 46007.253 | AA19: 46007.253 | AB19: 39 | AC19: 1 | AD19: 557612 | AE19: 0 | AF19: 46002.441 | AG19: 46002.441 | AH19: 46007.253 | AI19: 1
A20: mcq15194043 | B20: mcq | C20: TEAM_EXERCISE | D20: 342120 | E20: course session | F20: 14796 | G20: 70690 | J20: 148837 | K20: 0 | L20: 1 | M20: 1 | N20: 648951 | O20: has correct answer | P20: 367083 | Q20: ÿ£Ÿàÿ¨ÿØ ŸÖÿ≥ÿßÿ≠ÿ© ÿßŸÑÿØÿßÿ¶ÿ±ÿ©&nbsp; | R20: 1 | S20: image and text | T20: 1 | U20: MCQ | V20: 1428917 | X20: 1428917 | Y20: 1 | Z20: 46007.255 | AA20: 46007.255 | AB20: 13 | AC20: 1 | AD20: 557612 | AE20: 0 | AF20: 46002.441 | AG20: 46002.441 | AH20: 46007.255 | AI20: 1
A21: mcq15193723 | B21: mcq | C21: TEAM_EXERCISE | D21: 342120 | E21: course session | F21: 14796 | G21: 70690 | J21: 148837 | K21: 0 | L21: 1 | M21: 1 | N21: 647499 | O21: has correct answer | P21: 367083 | Q21: ÿ£Ÿàÿ¨ÿØ ŸÖÿ≥ÿßÿ≠ÿ© ÿßŸÑÿØÿßÿ¶ÿ±ÿ©&nbsp; | R21: 1 | S21: image and text | T21: 1 | U21: MCQ | V21: 1428916 | X21: 1428917 | Y21: 0 | Z21: 46007.253 | AA21: 46007.253 | AB21: 22 | AC21: 1 | AD21: 557612 | AE21: 0 | AF21: 46002.441 | AG21: 46002.441 | AH21: 46007.253 | AI21: 1
A22: mcq15193939 | B22: mcq | C22: TEAM_EXERCISE | D22: 342120 | E22: course session | F22: 14796 | G22: 70690 | J22: 148837 | K22: 0 | L22: 1 | M22: 1 | N22: 647426 | O22: has correct answer | P22: 367083 | Q22: ÿ£Ÿàÿ¨ÿØ ŸÖÿ≥ÿßÿ≠ÿ© ÿßŸÑÿØÿßÿ¶ÿ±ÿ©&nbsp; | R22: 1 | S22: image and text | T22: 1 | U22: MCQ | V22: 1428917 | X22: 1428917 | Y22: 1 | Z22: 46007.253 | AA22: 46007.254 | AB22: 98 | AC22: 6 | AD22: 557612 | AE22: 0 | AF22: 46002.441 | AG22: 46002.441 | AH22: 46007.254 | AI22: 1
A23: mcq15193868 | B23: mcq | C23: TEAM_EXERCISE | D23: 342120 | E23: course session | F23: 14796 | G23: 70690 | J23: 148837 | K23: 0 | L23: 1 | M23: 1 | N23: 647404 | O23: has correct answer | P23: 367083 | Q23: ÿ£Ÿàÿ¨ÿØ ŸÖÿ≥ÿßÿ≠ÿ© ÿßŸÑÿØÿßÿ¶ÿ±ÿ©&nbsp; | R23: 1 | S23: image and text | T23: 1 | U23: MCQ | V23: 1428917 | X23: 1428917 | Y23: 1 | Z23: 46007.253 | AA23: 46007.253 | AB23: 48 | AC23: 2 | AD23: 557612 | AE23: 0 | AF23: 46002.441 | AG23: 46002.441 | AH23: 46007.253 | AI23: 1
A24: mcq15193841 | B24: mcq | C24: TEAM_EXERCISE | D24: 342120 | E24: course session | F24: 14796 | G24: 70690 | J24: 148837 | K24: 0 | L24: 1 | M24: 1 | N24: 647306 | O24: has correct answer | P24: 367083 | Q24: ÿ£Ÿàÿ¨ÿØ ŸÖÿ≥ÿßÿ≠ÿ© ÿßŸÑÿØÿßÿ¶ÿ±ÿ©&nbsp; | R24: 1 | S24: image and text | T24: 1 | U24: MCQ | V24: 1428916 | X24: 1428917 | Y24: 0 | Z24: 46007.253 | AA24: 46007.254 | AB24: 49 | AC24: 1 | AD24: 557612 | AE24: 0 | AF24: 46002.441 | AG24: 46002.441 | AH24: 46007.254 | AI24: 1
A25: mcq15194266 | B25: mcq | C25: TEAM_EXERCISE | D25: 342120 | E25: course session | F25: 14796 | G25: 70690 | J25: 148837 | K25: 0 | L25: 1 | M25: 1 | N25: 652933 | O25: has correct answer | P25: 367083 | Q25: ÿ£Ÿàÿ¨ÿØ ŸÖÿ≥ÿßÿ≠ÿ© ÿßŸÑÿØÿßÿ¶ÿ±ÿ©&nbsp; | R25: 1 | S25: image and text | T25: 1 | U25: MCQ | V25: 1428915 | X25: 1428917 | Y25: 0 | Z25: 46007.256 | AA25: 46007.256 | AB25: 4 | AC25: 1 | AD25: 557612 | AE25: 0 | AF25: 46002.441 | AG25: 46002.441 | AH25: 46007.256 | AI25: 1
A26: mcq15193714 | B26: mcq | C26: TEAM_EXERCISE | D26: 342120 | E26: course session | F26: 14796 | G26: 70690 | J26: 148837 | K26: 0 | L26: 1 | M26: 1 | N26: 652934 | O26: has correct answer | P26: 367083 | Q26: ÿ£Ÿàÿ¨ÿØ ŸÖÿ≥ÿßÿ≠ÿ© ÿßŸÑÿØÿßÿ¶ÿ±ÿ©&nbsp; | R26: 1 | S26: image and text | T26: 1 | U26: MCQ | V26: 1428916 | X26: 1428917 | Y26: 0 | Z26: 46007.253 | AA26: 46007.253 | AB26: 11 | AC26: 1 | AD26: 557612 | AE26: 0 | AF26: 46002.441 | AG26: 46002.441 | AH26: 46007.253 | AI26: 1
A27: mcq15193778 | B27: mcq | C27: TEAM_EXERCISE | D27: 342120 | E27: course session | F27: 14796 | G27: 70690 | J27: 148837 | K27: 0 | L27: 1 | M27: 1 | N27: 652958 | O27: has correct answer | P27: 367083 | Q27: ÿ£Ÿàÿ¨ÿØ ŸÖÿ≥ÿßÿ≠ÿ© ÿßŸÑÿØÿßÿ¶ÿ±ÿ©&nbsp; | R27: 1 | S27: image and text | T27: 1 | U27: MCQ | V27: 1428915 | X27: 1428917 | Y27: 0 | Z27: 46007.253 | AA27: 46007.253 | AB27: 12 | AC27: 1 | AD27: 557612 | AE27: 0 | AF27: 46002.441 | AG27: 46002.441 | AH27: 46007.253 | AI27: 1
... A38: mcq15189225 | B38: mcq | C38: SECTION_CHECK | D38: 342127 | E38: course session | F38: 14796 | G38: 70690 | J38: 148841 | K38: 0 | L38: 1 | M38: 1 | N38: 647496 | O38: has correct answer | P38: 323256 | Q38: ÿ£Ÿàÿ¨ÿØ ŸÖÿ≠Ÿäÿ∑ ÿßŸÑŸÖÿ´ŸÑÿ´ ÿü | R38: 1 | S38: image and text | T38: 0 | U38: MCQ | V38: 1265052 | X38: 1265052 | Y38: 1 | Z38: 46007.235 | AA38: 46007.235 | AB38: 60 | AC38: 1 | AD38: 557612 | AE38: 0 | AF38: 46002.441 | AG38: 46002.441 | AH38: 46007.235 | AI38: 1
A39: mcq15189227 | B39: mcq | C39: SECTION_CHECK | D39: 342127 | E39: course session | F39: 14796 | G39: 70690 | J39: 148841 | K39: 0 | L39: 0 | M39: 0 | N39: 652938 | O39: has correct answer | P39: 323256 | Q39: ÿ£Ÿàÿ¨ÿØ ŸÖÿ≠Ÿäÿ∑ ÿßŸÑŸÖÿ´ŸÑÿ´ ÿü | R39: 1 | S39: image and text | T39: 0 | U39: MCQ | V39: -1 | X39: 1265052 | Z39: 46007.235 | AA39: 46007.235 | AC39: 0 | AD39: 557612 | AE39: 0 | AF39: 46002.441 | AG39: 46002.441 | AI39: 1
A40: mcq15189238 | B40: mcq | C40: SECTION_CHECK | D40: 342127 | E40: course session | F40: 14796 | G40: 70690 | J40: 148841 | K40: 0 | L40: 1 | M40: 1 | N40: 647504 | O40: has correct answer | P40: 323256 | Q40: ÿ£Ÿàÿ¨ÿØ ŸÖÿ≠Ÿäÿ∑ ÿßŸÑŸÖÿ´ŸÑÿ´ ÿü | R40: 1 | S40: image and text | T40: 0 | U40: MCQ | V40: 1265053 | X40: 1265052 | Y40: 0 | Z40: 46007.235 | AA40: 46007.235 | AB40: 60 | AC40: 1 | AD40: 557612 | AE40: 0 | AF40: 46002.441 | AG40: 46002.441 | AH40: 46007.235 | AI40: 1
A41: mcq15189315 | B41: mcq | C41: SECTION_CHECK | D41: 342127 | E41: course session | F41: 14796 | G41: 70690 | J41: 148841 | K41: 0 | L41: 1 | M41: 1 | N41: 648986 | O41: has correct answer | P41: 323256 | Q41: ÿ£Ÿàÿ¨ÿØ ŸÖÿ≠Ÿäÿ∑ ÿßŸÑŸÖÿ´ŸÑÿ´ ÿü | R41: 1 | S41: image and text | T41: 0 | U41: MCQ | V41: 1265051 | X41: 1265052 | Y41: 0 | Z41: 46007.235 | AA41: 46007.235 | AB41: 60 | AC41: 2 | AD41: 557612 | AE41: 0 | AF41: 46002.441 | AG41: 46002.441 | AH41: 46007.235 | AI41: 1
A42: mcq15189319 | B42: mcq | C42: SECTION_CHECK | D42: 342127 | E42: course session | F42: 14796 | G42: 70690 | J42: 148841 | K42: 0 | L42: 1 | M42: 1 | N42: 648959 | O42: has correct answer | P42: 323256 | Q42: ÿ£Ÿàÿ¨ÿØ ŸÖÿ≠Ÿäÿ∑ ÿßŸÑŸÖÿ´ŸÑÿ´ ÿü | R42: 1 | S42: image and text | T42: 0 | U42: MCQ | V42: 1265051 | X42: 1265052 | Y42: 0 | Z42: 46007.235 | AA42: 46007.235 | AB42: 60 | AC42: 4 | AD42: 557612 | AE42: 0 | AF42: 46002.441 | AG42: 46002.441 | AH42: 46007.235 | AI42: 1
A43: mcq15189228 | B43: mcq | C43: SECTION_CHECK | D43: 342127 | E43: course session | F43: 14796 | G43: 70690 | J43: 148841 | K43: 0 | L43: 0 | M43: 0 | N43: 647404 | O43: has correct answer | P43: 323256 | Q43: ÿ£Ÿàÿ¨ÿØ ŸÖÿ≠Ÿäÿ∑ ÿßŸÑŸÖÿ´ŸÑÿ´ ÿü | R43: 1 | S43: image and text | T43: 0 | U43: MCQ | V43: -1 | X43: 1265052 | Z43: 46007.235 | AA43: 46007.235 | AC43: 0 | AD43: 557612 | AE43: 0 | AF43: 46002.441 | AG43: 46002.441 | AI43: 1
A44: mcq15189229 | B44: mcq | C44: SECTION_CHECK | D44: 342127 | E44: course session | F44: 14796 | G44: 70690 | J44: 148841 | K44: 0 | L44: 0 | M44: 0 | N44: 652929 | O44: has correct answer | P44: 323256 | Q44: ÿ£Ÿàÿ¨ÿØ ŸÖÿ≠Ÿäÿ∑ ÿßŸÑŸÖÿ´ŸÑÿ´ ÿü | R44: 1 | S44: image and text | T44: 0 | U44: MCQ | V44: -1 | X44: 1265052 | Z44: 46007.235 | AA44: 46007.235 | AC44: 0 | AD44: 557612 | AE44: 0 | AF44: 46002.441 | AG44: 46002.441 | AI44: 1
A45: mcq15189233 | B45: mcq | C45: SECTION_CHECK | D45: 342127 | E45: course session | F45: 14796 | G45: 70690 | J45: 148841 | K45: 0 | L45: 0 | M45: 0 | N45: 648953 | O45: has correct answer | P45: 323256 | Q45: ÿ£Ÿàÿ¨ÿØ ŸÖÿ≠Ÿäÿ∑ ÿßŸÑŸÖÿ´ŸÑÿ´ ÿü | R45: 1 | S45: image and text | T45: 0 | U45: MCQ | V45: -1 | X45: 1265052 | Z45: 46007.235 | AA45: 46007.235 | AC45: 0 | AD45: 557612 | AE45: 0 | AF45: 46002.441 | AG45: 46002.441 | AI45: 1
A46: mcq15189236 | B46: mcq | C46: SECTION_CHECK | D46: 342127 | E46: course session | F46: 14796 | G46: 70690 | J46: 148841 | K46: 0 | L46: 0 | M46: 0 | N46: 647295 | O46: has correct answer | P46: 323256 | Q46: ÿ£Ÿàÿ¨ÿØ ŸÖÿ≠Ÿäÿ∑ ÿßŸÑŸÖÿ´ŸÑÿ´ ÿü | R46: 1 | S46: image and text | T46: 0 | U46: MCQ | V46: -1 | X46: 1265052 | Z46: 46007.235 | AA46: 46007.235 | AC46: 0 | AD46: 557612 | AE46: 0 | AF46: 46002.441 | AG46: 46002.441 | AI46: 1
A47: mcq15189317 | B47: mcq | C47: SECTION_CHECK | D47: 342127 | E47: course session | F47: 14796 | G47: 70690 | J47: 148841 | K47: 0 | L47: 1 | M47: 1 | N47: 647499 | O47: has correct answer | P47: 323256 | Q47: ÿ£Ÿàÿ¨ÿØ ŸÖÿ≠Ÿäÿ∑ ÿßŸÑŸÖÿ´ŸÑÿ´ ÿü | R47: 1 | S47: image and text | T47: 0 | U47: MCQ | V47: 1265054 | X47: 1265052 | Y47: 0 | Z47: 46007.235 | AA47: 46007.235 | AB47: 60 | AC47: 3 | AD47: 557612 | AE47: 0 | AF47: 46002.441 | AG47: 46002.441 | AH47: 46007.235 | AI47: 1
A48: mcq15189230 | B48: mcq | C48: SECTION_CHECK | D48: 342127 | E48: course session | F48: 14796 | G48: 70690 | J48: 148841 | K48: 0 | L48: 1 | M48: 1 | N48: 647426 | O48: has correct answer | P48: 323256 | Q48: ÿ£Ÿàÿ¨ÿØ ŸÖÿ≠Ÿäÿ∑ ÿßŸÑŸÖÿ´ŸÑÿ´ ÿü | R48: 1 | S48: image and text | T48: 0 | U48: MCQ | V48: 1265053 | X48: 1265052 | Y48: 0 | Z48: 46007.235 | AA48: 46007.235 | AB48: 60 | AC48: 1 | AD48: 557612 | AE48: 0 | AF48: 46002.441 | AG48: 46002.441 | AH48: 46007.235 | AI48: 1
A49: mcq15189224 | B49: mcq | C49: SECTION_CHECK | D49: 342127 | E49: course session | F49: 14796 | G49: 70690 | J49: 148841 | K49: 0 | L49: 1 | M49: 1 | N49: 647433 | O49: has correct answer | P49: 323256 | Q49: ÿ£Ÿàÿ¨ÿØ ŸÖÿ≠Ÿäÿ∑ ÿßŸÑŸÖÿ´ŸÑÿ´ ÿü | R49: 1 | S49: image and text | T49: 0 | U49: MCQ | V49: 1265052 | X49: 1265052 | Y49: 1 | Z49: 46007.235 | AA49: 46007.235 | AB49: 60 | AC49: 1 | AD49: 557612 | AE49: 0 | AF49: 46002.441 | AG49: 46002.441 | AH49: 46007.235 | AI49: 1
A50: mcq15189318 | B50: mcq | C50: SECTION_CHECK | D50: 342127 | E50: course session | F50: 14796 | G50: 70690 | J50: 148841 | K50: 0 | L50: 1 | M50: 1 | N50: 647411 | O50: has correct answer | P50: 323256 | Q50: ÿ£Ÿàÿ¨ÿØ ŸÖÿ≠Ÿäÿ∑ ÿßŸÑŸÖÿ´ŸÑÿ´ ÿü | R50: 1 | S50: image and text | T50: 0 | U50: MCQ | V50: 1265052 | X50: 1265052 | Y50: 1 | Z50: 46007.235 | AA50: 46007.235 | AB50: 60 | AC50: 4 | AD50: 557612 | AE50: 0 | AF50: 46002.441 | AG50: 46002.441 | AH50: 46007.235 | AI50: 1
A51: mcq15189235 | B51: mcq | C51: SECTION_CHECK | D51: 342127 | E51: course session | F51: 14796 | G51: 70690 | J51: 148841 | K51: 0 | L51: 1 | M51: 1 | N51: 651452 | O51: has correct answer | P51: 323256 | Q51: ÿ£Ÿàÿ¨ÿØ ŸÖÿ≠Ÿäÿ∑ ÿßŸÑŸÖÿ´ŸÑÿ´ ÿü | R51: 1 | S51: image and text | T51: 0 | U51: MCQ | V51: 1265053 | X51: 1265052 | Y51: 0 | Z51: 46007.235 | AA51: 46007.235 | AB51: 60 | AC51: 1 | AD51: 557612 | AE51: 0 | AF51: 46002.441 | AG51: 46002.441 | AH51: 46007.235 | AI51: 1
A52: mcq15189232 | B52: mcq | C52: SECTION_CHECK | D52: 342127 | E52: course session | F52: 14796 | G52: 70690 | J52: 148841 | K52: 0 | L52: 1 | M52: 1 | N52: 652934 | O52: has correct answer | P52: 323256 | Q52: ÿ£Ÿàÿ¨ÿØ ŸÖÿ≠Ÿäÿ∑ ÿßŸÑŸÖÿ´ŸÑÿ´ ÿü | R52: 1 | S52: image and text | T52: 0 | U52: MCQ | V52: 1265054 | X52: 1265052 | Y52: 0 | Z52: 46007.235 | AA52: 46007.235 | AB52: 60 | AC52: 1 | AD52: 557612 | AE52: 0 | AF52: 46002.441 | AG52: 46002.441 | AH52: 46007.235 | AI52: 1
A53: mcq15189313 | B53: mcq | C53: SECTION_CHECK | D53: 342127 | E53: course session | F53: 14796 | G53: 70690 | J53: 148841 | K53: 0 | L53: 1 | M53: 1 | N53: 657525 | O53: has correct answer | P53: 323256 | Q53: ÿ£Ÿàÿ¨ÿØ ŸÖÿ≠Ÿäÿ∑ ÿßŸÑŸÖÿ´ŸÑÿ´ ÿü | R53: 1 | S53: image and text | T53: 0 | U53: MCQ | V53: 1265054 | X53: 1265052 | Y53: 0 | Z53: 46007.235 | AA53: 46007.235 | AB53: 60 | AC53: 8 | AD53: 557612 | AE53: 0 | AF53: 46002.441 | AG53: 46002.441 | AH53: 46007.235 | AI53: 1
A54: mcq15192083 | B54: mcq | C54: SECTION_CHECK | D54: 342124 | E54: course session | F54: 14796 | G54: 70690 | J54: 148838 | K54: 0 | L54: 1 | M54: 1 | N54: 652958 | O54: has correct answer | P54: 322117 | Q54: ŸÅŸä ÿßŸÑÿ¥ŸÉŸÑ ÿßŸÑŸÖÿ¨ÿßŸàÿ±:ŸÖÿ≥ÿ™ÿ∑ŸäŸÑ ŸÖÿ≠Ÿäÿ∑Ÿá Ÿ¢Ÿ† ÿå ŸàŸÖÿ≥ÿßÿ≠ÿ™Ÿá Ÿ¢Ÿ§ Ÿàÿ¨ŸÖŸäÿπ ÿßŸÑÿØŸàÿßÿ¶ÿ± ŸÖÿ™ÿ∑ÿßÿ®ŸÇÿ© ÿå ÿßŸàÿ¨ÿØ ÿ∑ŸàŸÑ ŸÇÿ∑ÿ± ÿßŸÑÿØÿßÿ¶ÿ±ÿ© ÿü | R54: 1 | S54: image and text | T54: 0 | U54: MCQ | V54: 1260594 | X54: 1260592 | Y54: 0 | Z54: 46007.249 | AA54: 46007.249 | AB54: 34 | AC54: 1 | AD54: 557612 | AE54: 0 | AF54: 46002.441 | AG54: 46002.441 | AH54: 46007.249 | AI54: 1
A55: mcq15191981 | B55: mcq | C55: SECTION_CHECK | D55: 342124 | E55: course session | F55: 14796 | G55: 70690 | J55: 148838 | K55: 0 | L55: 0 | M55: 0 | N55: 652938 | O55: has correct answer | P55: 322117 | Q55: ŸÅŸä ÿßŸÑÿ¥ŸÉŸÑ ÿßŸÑŸÖÿ¨ÿßŸàÿ±:ŸÖÿ≥ÿ™ÿ∑ŸäŸÑ ŸÖÿ≠Ÿäÿ∑Ÿá Ÿ¢Ÿ† ÿå ŸàŸÖÿ≥ÿßÿ≠ÿ™Ÿá Ÿ¢Ÿ§ Ÿàÿ¨ŸÖŸäÿπ ÿßŸÑÿØŸàÿßÿ¶ÿ± ŸÖÿ™ÿ∑ÿßÿ®ŸÇÿ© ÿå ÿßŸàÿ¨ÿØ ÿ∑ŸàŸÑ ŸÇÿ∑ÿ± ÿßŸÑÿØÿßÿ¶ÿ±ÿ© ÿü | R55: 1 | S55: image and text | T55: 0 | U55: MCQ | V55: -1 | X55: 1260592 | Z55: 46007.249 | AA55: 46007.249 | AC55: 0 | AD55: 557612 | AE55: 0 | AF55: 46002.441 | AG55: 46002.441 | AI55: 1
A56: mcq15191996 | B56: mcq | C56: SECTION_CHECK | D56: 342124 | E56: course session | F56: 14796 | G56: 70690 | J56: 148838 | K56: 0 | L56: 1 | M56: 1 | N56: 657525 | O56: has correct answer | P56: 322117 | Q56: ŸÅŸä ÿßŸÑÿ¥ŸÉŸÑ ÿßŸÑŸÖÿ¨ÿßŸàÿ±:ŸÖÿ≥ÿ™ÿ∑ŸäŸÑ ŸÖÿ≠Ÿäÿ∑Ÿá Ÿ¢Ÿ† ÿå ŸàŸÖÿ≥ÿßÿ≠ÿ™Ÿá Ÿ¢Ÿ§ Ÿàÿ¨ŸÖŸäÿπ ÿßŸÑÿØŸàÿßÿ¶ÿ± ŸÖÿ™ÿ∑ÿßÿ®ŸÇÿ© ÿå ÿßŸàÿ¨ÿØ ÿ∑ŸàŸÑ ŸÇÿ∑ÿ± ÿßŸÑÿØÿßÿ¶ÿ±ÿ© ÿü | R56: 1 | S56: image and text | T56: 0 | U56: MCQ | V56: 1260593 | X56: 1260592 | Y56: 0 | Z56: 46007.249 | AA56: 46007.249 | AB56: 60 | AC56: 1 | AD56: 557612 | AE56: 0 | AF56: 46002.441 | AG56: 46002.441 | AH56: 46007.249 | AI56: 1
A57: mcq15191994 | B57: mcq | C57: SECTION_CHECK | D57: 342124 | E57: course session | F57: 14796 | G57: 70690 | J57: 148838 | K57: 0 | L57: 1 | M57: 1 | N57: 648959 | O57: has correct answer | P57: 322117 | Q57: ŸÅŸä ÿßŸÑÿ¥ŸÉŸÑ ÿßŸÑŸÖÿ¨ÿßŸàÿ±:ŸÖÿ≥ÿ™ÿ∑ŸäŸÑ ŸÖÿ≠Ÿäÿ∑Ÿá Ÿ¢Ÿ† ÿå ŸàŸÖÿ≥ÿßÿ≠ÿ™Ÿá Ÿ¢Ÿ§ Ÿàÿ¨ŸÖŸäÿπ ÿßŸÑÿØŸàÿßÿ¶ÿ± ŸÖÿ™ÿ∑ÿßÿ®ŸÇÿ© ÿå ÿßŸàÿ¨ÿØ ÿ∑ŸàŸÑ ŸÇÿ∑ÿ± ÿßŸÑÿØÿßÿ¶ÿ±ÿ© ÿü | R57: 1 | S57: image and text | T57: 0 | U57: MCQ | V57: 1260592 | X57: 1260592 | Y57: 1 | Z57: 46007.249 | AA57: 46007.249 | AB57: 60 | AC57: 1 | AD57: 557612 | AE57: 0 | AF57: 46002.441 | AG57: 46002.441 | AH57: 46007.249 | AI57: 1
A58: mcq15191993 | B58: mcq | C58: SECTION_CHECK | D58: 342124 | E58: course session | F58: 14796 | G58: 70690 | J58: 148838 | K58: 0 | L58: 0 | M58: 0 | N58: 647295 | O58: has correct answer | P58: 322117 | Q58: ŸÅŸä ÿßŸÑÿ¥ŸÉŸÑ ÿßŸÑŸÖÿ¨ÿßŸàÿ±:ŸÖÿ≥ÿ™ÿ∑ŸäŸÑ ŸÖÿ≠Ÿäÿ∑Ÿá Ÿ¢Ÿ† ÿå ŸàŸÖÿ≥ÿßÿ≠ÿ™Ÿá Ÿ¢Ÿ§ Ÿàÿ¨ŸÖŸäÿπ ÿßŸÑÿØŸàÿßÿ¶ÿ± ŸÖÿ™ÿ∑ÿßÿ®ŸÇÿ© ÿå ÿßŸàÿ¨ÿØ ÿ∑ŸàŸÑ ŸÇÿ∑ÿ± ÿßŸÑÿØÿßÿ¶ÿ±ÿ© ÿü | R58: 1 | S58: image and text | T58: 0 | U58: MCQ | V58: -1 | X58: 1260592 | Z58: 46007.249 | AA58: 46007.249 | AC58: 0 | AD58: 557612 | AE58: 0 | AF58: 46002.441 | AG58: 46002.441 | AI58: 1
A59: mcq15192006 | B59: mcq | C59: SECTION_CHECK | D59: 342124 | E59: course session | F59: 14796 | G59: 70690 | J59: 148838 | K59: 0 | L59: 1 | M59: 1 | N59: 647306 | O59: has correct answer | P59: 322117 | Q59: ŸÅŸä ÿßŸÑÿ¥ŸÉŸÑ ÿßŸÑŸÖÿ¨ÿßŸàÿ±:ŸÖÿ≥ÿ™ÿ∑ŸäŸÑ ŸÖÿ≠Ÿäÿ∑Ÿá Ÿ¢Ÿ† ÿå ŸàŸÖÿ≥ÿßÿ≠ÿ™Ÿá Ÿ¢Ÿ§ Ÿàÿ¨ŸÖŸäÿπ ÿßŸÑÿØŸàÿßÿ¶ÿ± ŸÖÿ™ÿ∑ÿßÿ®ŸÇÿ© ÿå ÿßŸàÿ¨ÿØ ÿ∑ŸàŸÑ ŸÇÿ∑ÿ± ÿßŸÑÿØÿßÿ¶ÿ±ÿ© ÿü | R59: 1 | S59: image and text | T59: 0 | U59: MCQ | V59: 1260592 | X59: 1260592 | Y59: 1 | Z59: 46007.249 | AA59: 46007.249 | AB59: 60 | AC59: 2 | AD59: 557612 | AE59: 0 | AF59: 46002.441 | AG59: 46002.441 | AH59: 46007.249 | AI59: 1
A60: mcq15191985 | B60: mcq | C60: SECTION_CHECK | D60: 342124 | E60: course session | F60: 14796 | G60: 70690 | J60: 148838 | K60: 0 | L60: 1 | M60: 1 | N60: 647426 | O60: has correct answer | P60: 322117 | Q60: ŸÅŸä ÿßŸÑÿ¥ŸÉŸÑ ÿßŸÑŸÖÿ¨ÿßŸàÿ±:ŸÖÿ≥ÿ™ÿ∑ŸäŸÑ ŸÖÿ≠Ÿäÿ∑Ÿá Ÿ¢Ÿ† ÿå ŸàŸÖÿ≥ÿßÿ≠ÿ™Ÿá Ÿ¢Ÿ§ Ÿàÿ¨ŸÖŸäÿπ ÿßŸÑÿØŸàÿßÿ¶ÿ± ŸÖÿ™ÿ∑ÿßÿ®ŸÇÿ© ÿå ÿßŸàÿ¨ÿØ ÿ∑ŸàŸÑ ŸÇÿ∑ÿ± ÿßŸÑÿØÿßÿ¶ÿ±ÿ© ÿü | R60: 1 | S60: image and text | T60: 0 | U60: MCQ | V60: 1260592 | X60: 1260592 | Y60: 1 | Z60: 46007.249 | AA60: 46007.249 | AB60: 60 | AC60: 1 | AD60: 557612 | AE60: 0 | AF60: 46002.441 | AG60: 46002.441 | AH60: 46007.249 | AI60: 1
A61: mcq15191995 | B61: mcq | C61: SECTION_CHECK | D61: 342124 | E61: course session | F61: 14796 | G61: 70690 | J61: 148838 | K61: 0 | L61: 1 | M61: 1 | N61: 647411 | O61: has correct answer | P61: 322117 | Q61: ŸÅŸä ÿßŸÑÿ¥ŸÉŸÑ ÿßŸÑŸÖÿ¨ÿßŸàÿ±:ŸÖÿ≥ÿ™ÿ∑ŸäŸÑ ŸÖÿ≠Ÿäÿ∑Ÿá Ÿ¢Ÿ† ÿå ŸàŸÖÿ≥ÿßÿ≠ÿ™Ÿá Ÿ¢Ÿ§ Ÿàÿ¨ŸÖŸäÿπ ÿßŸÑÿØŸàÿßÿ¶ÿ± ŸÖÿ™ÿ∑ÿßÿ®ŸÇÿ© ÿå ÿßŸàÿ¨ÿØ ÿ∑ŸàŸÑ ŸÇÿ∑ÿ± ÿßŸÑÿØÿßÿ¶ÿ±ÿ© ÿü | R61: 1 | S61: image and text | T61: 0 | U61: MCQ | V61: 1260592 | X61: 1260592 | Y61: 1 | Z61: 46007.249 | AA61: 46007.249 | AB61: 60 | AC61: 1 | AD61: 557612 | AE61: 0 | AF61: 46002.441 | AG61: 46002.441 | AH61: 46007.249 | AI61: 1
A62: mcq15191992 | B62: mcq | C62: SECTION_CHECK | D62: 342124 | E62: course session | F62: 14796 | G62: 70690 | J62: 148838 | K62: 0 | L62: 1 | M62: 1 | N62: 651452 | O62: has correct answer | P62: 322117 | Q62: ŸÅŸä ÿßŸÑÿ¥ŸÉŸÑ ÿßŸÑŸÖÿ¨ÿßŸàÿ±:ŸÖÿ≥ÿ™ÿ∑ŸäŸÑ ŸÖÿ≠Ÿäÿ∑Ÿá Ÿ¢Ÿ† ÿå ŸàŸÖÿ≥ÿßÿ≠ÿ™Ÿá Ÿ¢Ÿ§ Ÿàÿ¨ŸÖŸäÿπ ÿßŸÑÿØŸàÿßÿ¶ÿ± ŸÖÿ™ÿ∑ÿßÿ®ŸÇÿ© ÿå ÿßŸàÿ¨ÿØ ÿ∑ŸàŸÑ ŸÇÿ∑ÿ± ÿßŸÑÿØÿßÿ¶ÿ±ÿ© ÿü | R62: 1 | S62: image and text | T62: 0 | U62: MCQ | V62: 1260592 | X62: 1260592 | Y62: 1 | Z62: 46007.249 | AA62: 46007.249 | AB62: 60 | AC62: 1 | AD62: 557612 | AE62: 0 | AF62: 46002.441 | AG62: 46002.441 | AH62: 46007.249 | AI62: 1
A63: mcq15191984 | B63: mcq | C63: SECTION_CHECK | D63: 342124 | E63: course session | F63: 14796 | G63: 70690 | J63: 148838 | K63: 0 | L63: 0 | M63: 0 | N63: 652929 | O63: has correct answer | P63: 322117 | Q63: ŸÅŸä ÿßŸÑÿ¥ŸÉŸÑ ÿßŸÑŸÖÿ¨ÿßŸàÿ±:ŸÖÿ≥ÿ™ÿ∑ŸäŸÑ ŸÖÿ≠Ÿäÿ∑Ÿá Ÿ¢Ÿ† ÿå ŸàŸÖÿ≥ÿßÿ≠ÿ™Ÿá Ÿ¢Ÿ§ Ÿàÿ¨ŸÖŸäÿπ ÿßŸÑÿØŸàÿßÿ¶ÿ± ŸÖÿ™ÿ∑ÿßÿ®ŸÇÿ© ÿå ÿßŸàÿ¨ÿØ ÿ∑ŸàŸÑ ŸÇÿ∑ÿ± ÿßŸÑÿØÿßÿ¶ÿ±ÿ© ÿü | R63: 1 | S63: image and text | T63: 0 | U63: MCQ | V63: -1 | X63: 1260592 | Z63: 46007.249 | AA63: 46007.249 | AC63: 0 | AD63: 557612 | AE63: 0 | AF63: 46002.441 | AG63: 46002.441 | AI63: 1
A64: mcq15191980 | B64: mcq | C64: SECTION_CHECK | D64: 342124 | E64: course session | F64: 14796 | G64: 70690 | J64: 148838 | K64: 0 | L64: 1 | M64: 1 | N64: 647499 | O64: has correct answer | P64: 322117 | Q64: ŸÅŸä ÿßŸÑÿ¥ŸÉŸÑ ÿßŸÑŸÖÿ¨ÿßŸàÿ±:ŸÖÿ≥ÿ™ÿ∑ŸäŸÑ ŸÖÿ≠Ÿäÿ∑Ÿá Ÿ¢Ÿ† ÿå ŸàŸÖÿ≥ÿßÿ≠ÿ™Ÿá Ÿ¢Ÿ§ Ÿàÿ¨ŸÖŸäÿπ ÿßŸÑÿØŸàÿßÿ¶ÿ± ŸÖÿ™ÿ∑ÿßÿ®ŸÇÿ© ÿå ÿßŸàÿ¨ÿØ ÿ∑ŸàŸÑ ŸÇÿ∑ÿ± ÿßŸÑÿØÿßÿ¶ÿ±ÿ© ÿü | R64: 1 | S64: image and text | T64: 0 | U64: MCQ | V64: 1260592 | X64: 1260592 | Y64: 1 | Z64: 46007.249 | AA64: 46007.249 | AB64: 60 | AC64: 1 | AD64: 557612 | AE64: 0 | AF64: 46002.441 | AG64: 46002.441 | AH64: 46007.249 | AI64: 1
A65: mcq15191988 | B65: mcq | C65: SECTION_CHECK | D65: 342124 | E65: course session | F65: 14796 | G65: 70690 | J65: 148838 | K65: 0 | L65: 0 | M65: 0 | N65: 648986 | O65: has correct answer | P65: 322117 | Q65: ŸÅŸä ÿßŸÑÿ¥ŸÉŸÑ ÿßŸÑŸÖÿ¨ÿßŸàÿ±:ŸÖÿ≥ÿ™ÿ∑ŸäŸÑ ŸÖÿ≠Ÿäÿ∑Ÿá Ÿ¢Ÿ† ÿå ŸàŸÖÿ≥ÿßÿ≠ÿ™Ÿá Ÿ¢Ÿ§ Ÿàÿ¨ŸÖŸäÿπ ÿßŸÑÿØŸàÿßÿ¶ÿ± ŸÖÿ™ÿ∑ÿßÿ®ŸÇÿ© ÿå ÿßŸàÿ¨ÿØ ÿ∑ŸàŸÑ ŸÇÿ∑ÿ± ÿßŸÑÿØÿßÿ¶ÿ±ÿ© ÿü | R65: 1 | S65: image and text | T65: 0 | U65: MCQ | V65: -1 | X65: 1260592 | Z65: 46007.249 | AA65: 46007.249 | AC65: 0 | AD65: 557612 | AE65: 0 | AF65: 46002.441 | AG65: 46002.441 | AI65: 1
A66: mcq15191983 | B66: mcq | C66: SECTION_CHECK | D66: 342124 | E66: course session | F66: 14796 | G66: 70690 | J66: 148838 | K66: 0 | L66: 1 | M66: 1 | N66: 652940 | O66: has correct answer | P66: 322117 | Q66: ŸÅŸä ÿßŸÑÿ¥ŸÉŸÑ ÿßŸÑŸÖÿ¨ÿßŸàÿ±:ŸÖÿ≥ÿ™ÿ∑ŸäŸÑ ŸÖÿ≠Ÿäÿ∑Ÿá Ÿ¢Ÿ† ÿå ŸàŸÖÿ≥ÿßÿ≠ÿ™Ÿá Ÿ¢Ÿ§ Ÿàÿ¨ŸÖŸäÿπ ÿßŸÑÿØŸàÿßÿ¶ÿ± ŸÖÿ™ÿ∑ÿßÿ®ŸÇÿ© ÿå ÿßŸàÿ¨ÿØ ÿ∑ŸàŸÑ ŸÇÿ∑ÿ± ÿßŸÑÿØÿßÿ¶ÿ±ÿ© ÿü | R66: 1 | S66: image and text | T66: 0 | U66: MCQ | V66: 1260594 | X66: 1260592 | Y66: 0 | Z66: 46007.249 | AA66: 46007.249 | AB66: 60 | AC66: 1 | AD66: 557612 | AE66: 0 | AF66: 46002.441 | AG66: 46002.441 | AH66: 46007.249 | AI66: 1
A67: mcq15192257 | B67: mcq | C67: SECTION_CHECK | D67: 342124 | E67: course session | F67: 14796 | G67: 70690 | J67: 148838 | K67: 0 | L67: 1 | M67: 1 | N67: 647748 | O67: has correct answer | P67: 322117 | Q67: ŸÅŸä ÿßŸÑÿ¥ŸÉŸÑ ÿßŸÑŸÖÿ¨ÿßŸàÿ±:ŸÖÿ≥ÿ™ÿ∑ŸäŸÑ ŸÖÿ≠Ÿäÿ∑Ÿá Ÿ¢Ÿ† ÿå ŸàŸÖÿ≥ÿßÿ≠ÿ™Ÿá Ÿ¢Ÿ§ Ÿàÿ¨ŸÖŸäÿπ ÿßŸÑÿØŸàÿßÿ¶ÿ± ŸÖÿ™ÿ∑ÿßÿ®ŸÇÿ© ÿå ÿßŸàÿ¨ÿØ ÿ∑ŸàŸÑ ŸÇÿ∑ÿ± ÿßŸÑÿØÿßÿ¶ÿ±ÿ© ÿü | R67: 1 | S67: image and text | T67: 0 | U67: MCQ | V67: 1260592 | X67: 1260592 | Y67: 1 | Z67: 46007.249 | AA67: 46007.249 | AB67: 60 | AC67: 2 | AD67: 557612 | AE67: 0 | AF67: 46002.441 | AG67: 46002.441 | AH67: 46007.249 | AI67: 1
A68: mcq15191989 | B68: mcq | C68: SECTION_CHECK | D68: 342124 | E68: course session | F68: 14796 | G68: 70690 | J68: 148838 | K68: 0 | L68: 0 | M68: 0 | N68: 647504 | O68: has correct answer | P68: 322117 | Q68: ŸÅŸä ÿßŸÑÿ¥ŸÉŸÑ ÿßŸÑŸÖÿ¨ÿßŸàÿ±:ŸÖÿ≥ÿ™ÿ∑ŸäŸÑ ŸÖÿ≠Ÿäÿ∑Ÿá Ÿ¢Ÿ† ÿå ŸàŸÖÿ≥ÿßÿ≠ÿ™Ÿá Ÿ¢Ÿ§ Ÿàÿ¨ŸÖŸäÿπ ÿßŸÑÿØŸàÿßÿ¶ÿ± ŸÖÿ™ÿ∑ÿßÿ®ŸÇÿ© ÿå ÿßŸàÿ¨ÿØ ÿ∑ŸàŸÑ ŸÇÿ∑ÿ± ÿßŸÑÿØÿßÿ¶ÿ±ÿ© ÿü | R68: 1 | S68: image and text | T68: 0 | U68: MCQ | V68: -1 | X68: 1260592 | Z68: 46007.249 | AA68: 46007.249 | AC68: 0 | AD68: 557612 | AE68: 0 | AF68: 46002.441 | AG68: 46002.441 | AI68: 1
A69: mcq15191990 | B69: mcq | C69: SECTION_CHECK | D69: 342124 | E69: course session | F69: 14796 | G69: 70690 | J69: 148838 | K69: 0 | L69: 1 | M69: 1 | N69: 647404 | O69: has correct answer | P69: 322117 | Q69: ŸÅŸä ÿßŸÑÿ¥ŸÉŸÑ ÿßŸÑŸÖÿ¨ÿßŸàÿ±:ŸÖÿ≥ÿ™ÿ∑ŸäŸÑ ŸÖÿ≠Ÿäÿ∑Ÿá Ÿ¢Ÿ† ÿå ŸàŸÖÿ≥ÿßÿ≠ÿ™Ÿá Ÿ¢Ÿ§ Ÿàÿ¨ŸÖŸäÿπ ÿßŸÑÿØŸàÿßÿ¶ÿ± ŸÖÿ™ÿ∑ÿßÿ®ŸÇÿ© ÿå ÿßŸàÿ¨ÿØ ÿ∑ŸàŸÑ ŸÇÿ∑ÿ± ÿßŸÑÿØÿßÿ¶ÿ±ÿ© ÿü | R69: 1 | S69: image and text | T69: 0 | U69: MCQ | V69: 1260592 | X69: 1260592 | Y69: 1 | Z69: 46007.249 | AA69: 46007.249 | AB69: 60 | AC69: 1 | AD69: 557612 | AE69: 0 | AF69: 46002.441 | AG69: 46002.441 | AH69: 46007.249 | AI69: 1
A70: mcq15191987 | B70: mcq | C70: SECTION_CHECK | D70: 342124 | E70: course session | F70: 14796 | G70: 70690 | J70: 148838 | K70: 0 | L70: 0 | M70: 0 | N70: 652934 | O70: has correct answer | P70: 322117 | Q70: ŸÅŸä ÿßŸÑÿ¥ŸÉŸÑ ÿßŸÑŸÖÿ¨ÿßŸàÿ±:ŸÖÿ≥ÿ™ÿ∑ŸäŸÑ ŸÖÿ≠Ÿäÿ∑Ÿá Ÿ¢Ÿ† ÿå ŸàŸÖÿ≥ÿßÿ≠ÿ™Ÿá Ÿ¢Ÿ§ Ÿàÿ¨ŸÖŸäÿπ ÿßŸÑÿØŸàÿßÿ¶ÿ± ŸÖÿ™ÿ∑ÿßÿ®ŸÇÿ© ÿå ÿßŸàÿ¨ÿØ ÿ∑ŸàŸÑ ŸÇÿ∑ÿ± ÿßŸÑÿØÿßÿ¶ÿ±ÿ© ÿü | R70: 1 | S70: image and text | T70: 0 | U70: MCQ | V70: -1 | X70: 1260592 | Z70: 46007.249 | AA70: 46007.249 | AC70: 0 | AD70: 557612 | AE70: 0 | AF70: 46002.441 | AG70: 46002.441 | AI70: 1
A71: mcq15191978 | B71: mcq | C71: SECTION_CHECK | D71: 342124 | E71: course session | F71: 14796 | G71: 70690 | J71: 148838 | K71: 0 | L71: 1 | M71: 1 | N71: 647433 | O71: has correct answer | P71: 322117 | Q71: ŸÅŸä ÿßŸÑÿ¥ŸÉŸÑ ÿßŸÑŸÖÿ¨ÿßŸàÿ±:ŸÖÿ≥ÿ™ÿ∑ŸäŸÑ ŸÖÿ≠Ÿäÿ∑Ÿá Ÿ¢Ÿ† ÿå ŸàŸÖÿ≥ÿßÿ≠ÿ™Ÿá Ÿ¢Ÿ§ Ÿàÿ¨ŸÖŸäÿπ ÿßŸÑÿØŸàÿßÿ¶ÿ± ŸÖÿ™ÿ∑ÿßÿ®ŸÇÿ© ÿå ÿßŸàÿ¨ÿØ ÿ∑ŸàŸÑ ŸÇÿ∑ÿ± ÿßŸÑÿØÿßÿ¶ÿ±ÿ© ÿü | R71: 1 | S71: image and text | T71: 0 | U71: MCQ | V71: 1260594 | X71: 1260592 | Y71: 0 | Z71: 46007.249 | AA71: 46007.249 | AB71: 60 | AC71: 1 | AD71: 557612 | AE71: 0 | AF71: 46002.441 | AG71: 46002.441 | AH71: 46007.249 | AI71: 1
A72: mcq15192238 | B72: mcq | C72: SECTION_CHECK | D72: 342124 | E72: course session | F72: 14796 | G72: 70690 | J72: 148838 | K72: 0 | L72: 1 | M72: 1 | N72: 647496 | O72: has correct answer | P72: 322117 | Q72: ŸÅŸä ÿßŸÑÿ¥ŸÉŸÑ ÿßŸÑŸÖÿ¨ÿßŸàÿ±:ŸÖÿ≥ÿ™ÿ∑ŸäŸÑ ŸÖÿ≠Ÿäÿ∑Ÿá Ÿ¢Ÿ† ÿå ŸàŸÖÿ≥ÿßÿ≠ÿ™Ÿá Ÿ¢Ÿ§ Ÿàÿ¨ŸÖŸäÿπ ÿßŸÑÿØŸàÿßÿ¶ÿ± ŸÖÿ™ÿ∑ÿßÿ®ŸÇÿ© ÿå ÿßŸàÿ¨ÿØ ÿ∑ŸàŸÑ ŸÇÿ∑ÿ± ÿßŸÑÿØÿßÿ¶ÿ±ÿ© ÿü | R72: 1 | S72: image and text | T72: 0 | U72: MCQ | V72: 1260592 | X72: 1260592 | Y72: 1 | Z72: 46007.249 | AA72: 46007.249 | AB72: 60 | AC72: 2 | AD72: 557612 | AE72: 0 | AF72: 46002.441 | AG72: 46002.441 | AH72: 46007.249 | AI72: 1
A73: mcq15191991 | B73: mcq | C73: SECTION_CHECK | D73: 342124 | E73: course session | F73: 14796 | G73: 70690 | J73: 148838 | K73: 0 | L73: 1 | M73: 1 | N73: 648953 | O73: has correct answer | P73: 322117 | Q73: ŸÅŸä ÿßŸÑÿ¥ŸÉŸÑ ÿßŸÑŸÖÿ¨ÿßŸàÿ±:ŸÖÿ≥ÿ™ÿ∑ŸäŸÑ ŸÖÿ≠Ÿäÿ∑Ÿá Ÿ¢Ÿ† ÿå ŸàŸÖÿ≥ÿßÿ≠ÿ™Ÿá Ÿ¢Ÿ§ Ÿàÿ¨ŸÖŸäÿπ ÿßŸÑÿØŸàÿßÿ¶ÿ± ŸÖÿ™ÿ∑ÿßÿ®ŸÇÿ© ÿå ÿßŸàÿ¨ÿØ ÿ∑ŸàŸÑ ŸÇÿ∑ÿ± ÿßŸÑÿØÿßÿ¶ÿ±ÿ© ÿü | R73: 1 | S73: image and text | T73: 0 | U73: MCQ | V73: 1260592 | X73: 1260592 | Y73: 1 | Z73: 46007.249 | AA73: 46007.249 | AB73: 60 | AC73: 1 | AD73: 557612 | AE73: 0 | AF73: 46002.441 | AG73: 46002.441 | AH73: 46007.249 | AI73: 1
A74: mcq15195832 | B74: mcq | C74: EXIT_TICKET | D74: 342117 | E74: course session | F74: 14796 | G74: 70690 | J74: 148836 | K74: 0 | L74: 1 | M74: 1 | N74: 648959 | O74: has correct answer | P74: 321509 | Q74: ŸÖÿß ŸÖÿ≠Ÿäÿ∑ ÿßŸÑÿØÿßÿ¶ÿ±ÿ©ÿü | R74: 1 | S74: image and text | T74: 0 | U74: MCQ | V74: 1258257 | X74: 1258257 | Y74: 1 | Z74: 46007.26 | AA74: 46007.261 | AB74: 105 | AC74: 1 | AD74: 557612 | AE74: 0 | AF74: 46002.441 | AG74: 46002.441 | AH74: 46007.261 | AI74: 1
A75: mcq15195935 | B75: mcq | C75: EXIT_TICKET | D75: 342117 | E75: course session | F75: 14796 | G75: 70690 | J75: 148836 | K75: 0 | L75: 1 | M75: 1 | N75: 648951 | O75: has correct answer | P75: 321509 | Q75: ŸÖÿß ŸÖÿ≠Ÿäÿ∑ ÿßŸÑÿØÿßÿ¶ÿ±ÿ©ÿü | R75: 1 | S75: image and text | T75: 0 | U75: MCQ | V75: 1258258 | X75: 1258257 | Y75: 0 | Z75: 46007.26 | AA75: 46007.26 | AB75: 15 | AC75: 1 | AD75: 557612 | AE75: 0 | AF75: 46002.441 | AG75: 46002.441 | AH75: 46007.26 | AI75: 1
A76: mcq15196020 | B76: mcq | C76: EXIT_TICKET | D76: 342117 | E76: course session | F76: 14796 | G76: 70690 | J76: 148836 | K76: 0 | L76: 1 | M76: 1 | N76: 648986 | O76: has correct answer | P76: 321509 | Q76: ŸÖÿß ŸÖÿ≠Ÿäÿ∑ ÿßŸÑÿØÿßÿ¶ÿ±ÿ©ÿü | R76: 1 | S76: image and text | T76: 0 | U76: MCQ | V76: 1258258 | X76: 1258257 | Y76: 0 | Z76: 46007.262 | AA76: 46007.262 | AB76: 2 | AC76: 2 | AD76: 557612 | AE76: 0 | AF76: 46002.441 | AG76: 46002.441 | AH76: 46007.262 | AI76: 1
A77: mcq15195926 | B77: mcq | C77: EXIT_TICKET | D77: 342117 | E77: course session | F77: 14796 | G77: 70690 | J77: 148836 | K77: 0 | L77: 1 | M77: 1 | N77: 648953 | O77: has correct answer | P77: 321509 | Q77: ŸÖÿß ŸÖÿ≠Ÿäÿ∑ ÿßŸÑÿØÿßÿ¶ÿ±ÿ©ÿü | R77: 1 | S77: image and text | T77: 0 | U77: MCQ | V77: 1258259 | X77: 1258257 | Y77: 0 | Z77: 46007.26 | AA77: 46007.26 | AB77: 1 | AC77: 1 | AD77: 557612 | AE77: 0 | AF77: 46002.441 | AG77: 46002.441 | AH77: 46007.26 | AI77: 1
A78: mcq15195823 | B78: mcq | C78: EXIT_TICKET | D78: 342117 | E78: course session | F78: 14796 | G78: 70690 | J78: 148836 | K78: 0 | L78: 1 | M78: 1 | N78: 652934 | O78: has correct answer | P78: 321509 | Q78: ŸÖÿß ŸÖÿ≠Ÿäÿ∑ ÿßŸÑÿØÿßÿ¶ÿ±ÿ©ÿü | R78: 1 | S78: image and text | T78: 0 | U78: MCQ | V78: 1258257 | X78: 1258257 | Y78: 1 | Z78: 46007.26 | AA78: 46007.26 | AB78: 4 | AC78: 1 | AD78: 557612 | AE78: 0 | AF78: 46002.441 | AG78: 46002.441 | AH78: 46007.26 | AI78: 1
A79: mcq15195877 | B79: mcq | C79: EXIT_TICKET | D79: 342117 | E79: course session | F79: 14796 | G79: 70690 | J79: 148836 | K79: 0 | L79: 1 | M79: 1 | N79: 647426 | O79: has correct answer | P79: 321509 | Q79: ŸÖÿß ŸÖÿ≠Ÿäÿ∑ ÿßŸÑÿØÿßÿ¶ÿ±ÿ©ÿü | R79: 1 | S79: image and text | T79: 0 | U79: MCQ | V79: 1258257 | X79: 1258257 | Y79: 1 | Z79: 46007.26 | AA79: 46007.26 | AB79: 15 | AC79: 4 | AD79: 557612 | AE79: 0 | AF79: 46002.441 | AG79: 46002.441 | AH79: 46007.26 | AI79: 1
A80: mcq15195952 | B80: mcq | C80: EXIT_TICKET | D80: 342117 | E80: course session | F80: 14796 | G80: 70690 | J80: 148836 | K80: 0 | L80: 1 | M80: 1 | N80: 647496 | O80: has correct answer | P80: 321509 | Q80: ŸÖÿß ŸÖÿ≠Ÿäÿ∑ ÿßŸÑÿØÿßÿ¶ÿ±ÿ©ÿü | R80: 1 | S80: image and text | T80: 0 | U80: MCQ | V80: 1258257 | X80: 1258257 | Y80: 1 | Z80: 46007.26 | AA80: 46007.261 | AB80: 43 | AC80: 1 | AD80: 557612 | AE80: 0 | AF80: 46002.441 | AG80: 46002.441 | AH80: 46007.261 | AI80: 1
A81: mcq15195816 | B81: mcq | C81: EXIT_TICKET | D81: 342117 | E81: course session | F81: 14796 | G81: 70690 | J81: 148836 | K81: 0 | L81: 1 | M81: 1 | N81: 647499 | O81: has correct answer | P81: 321509 | Q81: ŸÖÿß ŸÖÿ≠Ÿäÿ∑ ÿßŸÑÿØÿßÿ¶ÿ±ÿ©ÿü | R81: 1 | S81: image and text | T81: 0 | U81: MCQ | V81: 1258257 | X81: 1258257 | Y81: 1 | Z81: 46007.26 | AA81: 46007.26 | AB81: 33 | AC81: 1 | AD81: 557612 | AE81: 0 | AF81: 46002.441 | AG81: 46002.441 | AH81: 46007.26 | AI81: 1
A82: mcq15195819 | B82: mcq | C82: EXIT_TICKET | D82: 342117 | E82: course session | F82: 14796 | G82: 70690 | J82: 148836 | K82: 0 | L82: 0 | M82: 0 | N82: 652929 | O82: has correct answer | P82: 321509 | Q82: ŸÖÿß ŸÖÿ≠Ÿäÿ∑ ÿßŸÑÿØÿßÿ¶ÿ±ÿ©ÿü | R82: 1 | S82: image and text | T82: 0 | U82: MCQ | V82: -1 | X82: 1258257 | Z82: 46007.26 | AA82: 46007.26 | AC82: 0 | AD82: 557612 | AE82: 0 | AF82: 46002.441 | AG82: 46002.441 | AI82: 1
A83: mcq15195849 | B83: mcq | C83: EXIT_TICKET | D83: 342117 | E83: course session | F83: 14796 | G83: 70690 | J83: 148836 | K83: 0 | L83: 1 | M83: 1 | N83: 647404 | O83: has correct answer | P83: 321509 | Q83: ŸÖÿß ŸÖÿ≠Ÿäÿ∑ ÿßŸÑÿØÿßÿ¶ÿ±ÿ©ÿü | R83: 1 | S83: image and text | T83: 0 | U83: MCQ | V83: 1258260 | X83: 1258257 | Y83: 0 | Z83: 46007.26 | AA83: 46007.26 | AB83: 9 | AC83: 1 | AD83: 557612 | AE83: 0 | AF83: 46002.441 | AG83: 46002.441 | AH83: 46007.26 | AI83: 1
A84: mcq15195829 | B84: mcq | C84: EXIT_TICKET | D84: 342117 | E84: course session | F84: 14796 | G84: 70690 | J84: 148836 | K84: 0 | L84: 1 | M84: 1 | N84: 647739 | O84: has correct answer | P84: 321509 | Q84: ŸÖÿß ŸÖÿ≠Ÿäÿ∑ ÿßŸÑÿØÿßÿ¶ÿ±ÿ©ÿü | R84: 1 | S84: image and text | T84: 0 | U84: MCQ | V84: 1258260 | X84: 1258257 | Y84: 0 | Z84: 46007.26 | AA84: 46007.26 | AB84: 65 | AC84: 1 | AD84: 557612 | AE84: 0 | AF84: 46002.441 | AG84: 46002.441 | AH84: 46007.26 | AI84: 1
A85: mcq15195864 | B85: mcq | C85: EXIT_TICKET | D85: 342117 | E85: course session | F85: 14796 | G85: 70690 | J85: 148836 | K85: 0 | L85: 1 | M85: 1 | N85: 647748 | O85: has correct answer | P85: 321509 | Q85: ŸÖÿß ŸÖÿ≠Ÿäÿ∑ ÿßŸÑÿØÿßÿ¶ÿ±ÿ©ÿü | R85: 1 | S85: image and text | T85: 0 | U85: MCQ | V85: 1258257 | X85: 1258257 | Y85: 1 | Z85: 46007.26 | AA85: 46007.26 | AB85: 27 | AC85: 1 | AD85: 557612 | AE85: 0 | AF85: 46002.441 | AG85: 46002.441 | AH85: 46007.26 | AI85: 1
A86: mcq15195825 | B86: mcq | C86: EXIT_TICKET | D86: 342117 | E86: course session | F86: 14796 | G86: 70690 | J86: 148836 | K86: 0 | L86: 0 | M86: 0 | N86: 647504 | O86: has correct answer | P86: 321509 | Q86: ŸÖÿß ŸÖÿ≠Ÿäÿ∑ ÿßŸÑÿØÿßÿ¶ÿ±ÿ©ÿü | R86: 1 | S86: image and text | T86: 0 | U86: MCQ | V86: -1 | X86: 1258257 | Z86: 46007.26 | AA86: 46007.26 | AC86: 0 | AD86: 557612 | AE86: 0 | AF86: 46002.441 | AG86: 46002.441 | AI86: 1
A87: mcq15195912 | B87: mcq | C87: EXIT_TICKET | D87: 342117 | E87: course session | F87: 14796 | G87: 70690 | J87: 148836 | K87: 0 | L87: 1 | M87: 1 | N87: 647433 | O87: has correct answer | P87: 321509 | Q87: ŸÖÿß ŸÖÿ≠Ÿäÿ∑ ÿßŸÑÿØÿßÿ¶ÿ±ÿ©ÿü | R87: 1 | S87: image and text | T87: 0 | U87: MCQ | V87: 1258260 | X87: 1258257 | Y87: 0 | Z87: 46007.26 | AA87: 46007.26 | AB87: 28 | AC87: 1 | AD87: 557612 | AE87: 0 | AF87: 46002.441 | AG87: 46002.441 | AH87: 46007.26 | AI87: 1
A88: mcq15195884 | B88: mcq | C88: EXIT_TICKET | D88: 342117 | E88: course session | F88: 14796 | G88: 70690 | J88: 148836 | K88: 0 | L88: 1 | M88: 1 | N88: 647306 | O88: has correct answer | P88: 321509 | Q88: ŸÖÿß ŸÖÿ≠Ÿäÿ∑ ÿßŸÑÿØÿßÿ¶ÿ±ÿ©ÿü | R88: 1 | S88: image and text | T88: 0 | U88: MCQ | V88: 1258260 | X88: 1258257 | Y88: 0 | Z88: 46007.26 | AA88: 46007.26 | AB88: 16 | AC88: 1 | AD88: 557612 | AE88: 0 | AF88: 46002.441 | AG88: 46002.441 | AH88: 46007.26 | AI88: 1
A89: mcq15195963 | B89: mcq | C89: EXIT_TICKET | D89: 342117 | E89: course session | F89: 14796 | G89: 70690 | J89: 148836 | K89: 0 | L89: 1 | M89: 1 | N89: 657525 | O89: has correct answer | P89: 321509 | Q89: ŸÖÿß ŸÖÿ≠Ÿäÿ∑ ÿßŸÑÿØÿßÿ¶ÿ±ÿ©ÿü | R89: 1 | S89: image and text | T89: 0 | U89: MCQ | V89: 1258259 | X89: 1258257 | Y89: 0 | Z89: 46007.26 | AA89: 46007.261 | AB89: 50 | AC89: 1 | AD89: 557612 | AE89: 0 | AF89: 46002.441 | AG89: 46002.441 | AH89: 46007.261 | AI89: 1
A90: mcq15195841 | B90: mcq | C90: EXIT_TICKET | D90: 342117 | E90: course session | F90: 14796 | G90: 70690 | J90: 148836 | K90: 0 | L90: 1 | M90: 1 | N90: 651452 | O90: has correct answer | P90: 321509 | Q90: ŸÖÿß ŸÖÿ≠Ÿäÿ∑ ÿßŸÑÿØÿßÿ¶ÿ±ÿ©ÿü | R90: 1 | S90: image and text | T90: 0 | U90: MCQ | V90: 1258257 | X90: 1258257 | Y90: 1 | Z90: 46007.26 | AA90: 46007.26 | AB90: 16 | AC90: 1 | AD90: 557612 | AE90: 0 | AF90: 46002.441 | AG90: 46002.441 | AH90: 46007.26 | AI90: 1
A91: mcq15194047 | B91: mcq | C91: TEAM_EXERCISE | D91: 342123 | E91: course session | F91: 14796 | G91: 70690 | J91: 148837 | K91: 0 | L91: 1 | M91: 1 | N91: 647433 | O91: has correct answer | P91: 334117 | Q91: ŸÅŸä ÿßŸÑÿ¥ŸÉŸÑ ÿßŸÑŸÖŸÇÿßÿ®ŸÑ ÿ£Ÿàÿ¨ÿØ ŸÇŸäŸÖÿ© ÿ≥ ÿü | R91: 1 | S91: image and text | T91: 1 | U91: MCQ | V91: 1307474 | X91: 1307476 | Y91: 0 | Z91: 46007.255 | AA91: 46007.256 | AB91: 48 | AC91: 1 | AD91: 557612 | AE91: 0 | AF91: 46002.441 | AG91: 46002.441 | AH91: 46007.256 | AI91: 1
A92: mcq15193877 | B92: mcq | C92: TEAM_EXERCISE | D92: 342123 | E92: course session | F92: 14796 | G92: 70690 | J92: 148837 | K92: 0 | L92: 1 | M92: 1 | N92: 651452 | O92: has correct answer | P92: 334117 | Q92: ŸÅŸä ÿßŸÑÿ¥ŸÉŸÑ ÿßŸÑŸÖŸÇÿßÿ®ŸÑ ÿ£Ÿàÿ¨ÿØ ŸÇŸäŸÖÿ© ÿ≥ ÿü | R92: 1 | S92: image and text | T92: 1 | U92: MCQ | V92: 1307476 | X92: 1307476 | Y92: 1 | Z92: 46007.253 | AA92: 46007.254 | AB92: 16 | AC92: 1 | AD92: 557612 | AE92: 0 | AF92: 46002.441 | AG92: 46002.441 | AH92: 46007.254 | AI92: 1
A93: mcq15193784 | B93: mcq | C93: TEAM_EXERCISE | D93: 342123 | E93: course session | F93: 14796 | G93: 70690 | J93: 148837 | K93: 0 | L93: 1 | M93: 1 | N93: 652940 | O93: has correct answer | P93: 334117 | Q93: ŸÅŸä ÿßŸÑÿ¥ŸÉŸÑ ÿßŸÑŸÖŸÇÿßÿ®ŸÑ ÿ£Ÿàÿ¨ÿØ ŸÇŸäŸÖÿ© ÿ≥ ÿü | R93: 1 | S93: image and text | T93: 1 | U93: MCQ | V93: 1307476 | X93: 1307476 | Y93: 1 | Z93: 46007.253 | AA93: 46007.253 | AB93: 19 | AC93: 1 | AD93: 557612 | AE93: 0 | AF93: 46002.441 | AG93: 46002.441 | AH93: 46007.253 | AI93: 1
A94: mcq15193954 | B94: mcq | C94: TEAM_EXERCISE | D94: 342123 | E94: course session | F94: 14796 | G94: 70690 | J94: 148837 | K94: 0 | L94: 1 | M94: 1 | N94: 648953 | O94: has correct answer | P94: 334117 | Q94: ŸÅŸä ÿßŸÑÿ¥ŸÉŸÑ ÿßŸÑŸÖŸÇÿßÿ®ŸÑ ÿ£Ÿàÿ¨ÿØ ŸÇŸäŸÖÿ© ÿ≥ ÿü | R94: 1 | S94: image and text | T94: 1 | U94: MCQ | V94: 1307475 | X94: 1307476 | Y94: 0 | Z94: 46007.254 | AA94: 46007.254 | AB94: 3 | AC94: 1 | AD94: 557612 | AE94: 0 | AF94: 46002.441 | AG94: 46002.441 | AH94: 46007.254 | AI94: 1
A95: mcq15194029 | B95: mcq | C95: TEAM_EXERCISE | D95: 342123 | E95: course session | F95: 14796 | G95: 70690 | J95: 148837 | K95: 0 | L95: 1 | M95: 1 | N95: 647426 | O95: has correct answer | P95: 334117 | Q95: ŸÅŸä ÿßŸÑÿ¥ŸÉŸÑ ÿßŸÑŸÖŸÇÿßÿ®ŸÑ ÿ£Ÿàÿ¨ÿØ ŸÇŸäŸÖÿ© ÿ≥ ÿü | R95: 1 | S95: image and text | T95: 1 | U95: MCQ | V95: 1307475 | X95: 1307476 | Y95: 0 | Z95: 46007.255 | AA95: 46007.255 | AB95: 11 | AC95: 1 | AD95: 557612 | AE95: 0 | AF95: 46002.441 | AG95: 46002.441 | AH95: 46007.255 | AI95: 1
A96: mcq15194016 | B96: mcq | C96: TEAM_EXERCISE | D96: 342123 | E96: course session | F96: 14796 | G96: 70690 | J96: 148837 | K96: 0 | L96: 1 | M96: 1 | N96: 647411 | O96: has correct answer | P96: 334117 | Q96: ŸÅŸä ÿßŸÑÿ¥ŸÉŸÑ ÿßŸÑŸÖŸÇÿßÿ®ŸÑ ÿ£Ÿàÿ¨ÿØ ŸÇŸäŸÖÿ© ÿ≥ ÿü | R96: 1 | S96: image and text | T96: 1 | U96: MCQ | V96: 1307474 | X96: 1307476 | Y96: 0 | Z96: 46007.255 | AA96: 46007.255 | AB96: 23 | AC96: 1 | AD96: 557612 | AE96: 0 | AF96: 46002.441 | AG96: 46002.441 | AH96: 46007.255 | AI96: 1
A97: mcq15194066 | B97: mcq | C97: TEAM_EXERCISE | D97: 342123 | E97: course session | F97: 14796 | G97: 70690 | J97: 148837 | K97: 0 | L97: 1 | M97: 1 | N97: 648951 | O97: has correct answer | P97: 334117 | Q97: ŸÅŸä ÿßŸÑÿ¥ŸÉŸÑ ÿßŸÑŸÖŸÇÿßÿ®ŸÑ ÿ£Ÿàÿ¨ÿØ ŸÇŸäŸÖÿ© ÿ≥ ÿü | R97: 1 | S97: image and text | T97: 1 | U97: MCQ | V97: 1307474 | X97: 1307476 | Y97: 0 | Z97: 46007.255 | AA97: 46007.255 | AB97: 1 | AC97: 1 | AD97: 557612 | AE97: 0 | AF97: 46002.441 | AG97: 46002.441 | AH97: 46007.255 | AI97: 1
A98: mcq15194025 | B98: mcq | C98: TEAM_EXERCISE | D98: 342123 | E98: course session | F98: 14796 | G98: 70690 | J98: 148837 | K98: 0 | L98: 1 | M98: 1 | N98: 647404 | O98: has correct answer | P98: 334117 | Q98: ŸÅŸä ÿßŸÑÿ¥ŸÉŸÑ ÿßŸÑŸÖŸÇÿßÿ®ŸÑ ÿ£Ÿàÿ¨ÿØ ŸÇŸäŸÖÿ© ÿ≥ ÿü | R98: 1 | S98: image and text | T98: 1 | U98: MCQ | V98: 1307475 | X98: 1307476 | Y98: 0 | Z98: 46007.254 | AA98: 46007.255 | AB98: 61 | AC98: 7 | AD98: 557612 | AE98: 0 | AF98: 46002.441 | AG98: 46002.441 | AH98: 46007.255 | AI98: 1
... A100: mcq15193862 | B100: mcq | C100: TEAM_EXERCISE | D100: 342123 | E100: course session | F100: 14796 | G100: 70690 | J100: 148837 | K100: 0 | L100: 1 | M100: 1 | N100: 647499 | O100: has correct answer | P100: 334117 | Q100: ŸÅŸä ÿßŸÑÿ¥ŸÉŸÑ ÿßŸÑŸÖŸÇÿßÿ®ŸÑ ÿ£Ÿàÿ¨ÿØ ŸÇŸäŸÖÿ© ÿ≥ ÿü | R100: 1 | S100: image and text | T100: 1 | U100: MCQ | V100: 1307477 | X100: 1307476 | Y100: 0 | Z100: 46007.253 | AA100: 46007.253 | AB100: 26 | AC100: 2 | AD100: 557612 | AE100: 0 | AF100: 46002.441 | AG100: 46002.441 | AH100: 46007.253 | AI100: 1
A101: mcq15194360 | B101: mcq | C101: TEAM_EXERCISE | D101: 342123 | E101: course session | F101: 14796 | G101: 70690 | J101: 148837 | K101: 0 | L101: 0 | M101: 0 | N101: 652933 | O101: has correct answer | P101: 334117 | Q101: ŸÅŸä ÿßŸÑÿ¥ŸÉŸÑ ÿßŸÑŸÖŸÇÿßÿ®ŸÑ ÿ£Ÿàÿ¨ÿØ ŸÇŸäŸÖÿ© ÿ≥ ÿü | R101: 1 | S101: image and text | T101: 1 | U101: MCQ | V101: -1 | X101: 1307476 | Z101: 46007.256 | AA101: 46007.256 | AC101: 0 | AD101: 557612 | AE101: 0 | AF101: 46002.441 | AG101: 46002.441 | AI101: 1
A102: mcq15193919 | B102: mcq | C102: TEAM_EXERCISE | D102: 342123 | E102: course session | F102: 14796 | G102: 70690 | J102: 148837 | K102: 0 | L102: 1 | M102: 1 | N102: 657525 | O102: has correct answer | P102: 334117 | Q102: ŸÅŸä ÿßŸÑÿ¥ŸÉŸÑ ÿßŸÑŸÖŸÇÿßÿ®ŸÑ ÿ£Ÿàÿ¨ÿØ ŸÇŸäŸÖÿ© ÿ≥ ÿü | R102: 1 | S102: image and text | T102: 1 | U102: MCQ | V102: 1307474 | X102: 1307476 | Y102: 0 | Z102: 46007.254 | AA102: 46007.254 | AB102: 28 | AC102: 1 | AD102: 557612 | AE102: 0 | AF102: 46002.441 | AG102: 46002.441 | AH102: 46007.254 | AI102: 1
A103: mcq15193967 | B103: mcq | C103: TEAM_EXERCISE | D103: 342123 | E103: course session | F103: 14796 | G103: 70690 | J103: 148837 | K103: 0 | L103: 1 | M103: 1 | N103: 647496 | O103: has correct answer | P103: 334117 | Q103: ŸÅŸä ÿßŸÑÿ¥ŸÉŸÑ ÿßŸÑŸÖŸÇÿßÿ®ŸÑ ÿ£Ÿàÿ¨ÿØ ŸÇŸäŸÖÿ© ÿ≥ ÿü | R103: 1 | S103: image and text | T103: 1 | U103: MCQ | V103: 1307476 | X103: 1307476 | Y103: 1 | Z103: 46007.254 | AA103: 46007.255 | AB103: 20 | AC103: 1 | AD103: 557612 | AE103: 0 | AF103: 46002.441 | AG103: 46002.441 | AH103: 46007.255 | AI103: 1
A104: mcq15193823 | B104: mcq | C104: TEAM_EXERCISE | D104: 342123 | E104: course session | F104: 14796 | G104: 70690 | J104: 148837 | K104: 0 | L104: 1 | M104: 1 | N104: 652958 | O104: has correct answer | P104: 334117 | Q104: ŸÅŸä ÿßŸÑÿ¥ŸÉŸÑ ÿßŸÑŸÖŸÇÿßÿ®ŸÑ ÿ£Ÿàÿ¨ÿØ ŸÇŸäŸÖÿ© ÿ≥ ÿü | R104: 1 | S104: image and text | T104: 1 | U104: MCQ | V104: 1307474 | X104: 1307476 | Y104: 0 | Z104: 46007.253 | AA104: 46007.253 | AB104: 13 | AC104: 1 | AD104: 557612 | AE104: 0 | AF104: 46002.441 | AG104: 46002.441 | AH104: 46007.253 | AI104: 1
A105: mcq15194359 | B105: mcq | C105: TEAM_EXERCISE | D105: 342123 | E105: course session | F105: 14796 | G105: 70690 | J105: 148837 | K105: 0 | L105: 1 | M105: 1 | N105: 647739 | O105: has correct answer | P105: 334117 | Q105: ŸÅŸä ÿßŸÑÿ¥ŸÉŸÑ ÿßŸÑŸÖŸÇÿßÿ®ŸÑ ÿ£Ÿàÿ¨ÿØ ŸÇŸäŸÖÿ© ÿ≥ ÿü | R105: 1 | S105: image and text | T105: 1 | U105: MCQ | V105: 1307475 | X105: 1307476 | Y105: 0 | Z105: 46007.256 | AA105: 46007.256 | AB105: 10 | AC105: 1 | AD105: 557612 | AE105: 0 | AF105: 46002.441 | AG105: 46002.441 | AH105: 46007.256 | AI105: 1
A106: mcq15193803 | B106: mcq | C106: TEAM_EXERCISE | D106: 342123 | E106: course session | F106: 14796 | G106: 70690 | J106: 148837 | K106: 0 | L106: 1 | M106: 1 | N106: 648959 | O106: has correct answer | P106: 334117 | Q106: ŸÅŸä ÿßŸÑÿ¥ŸÉŸÑ ÿßŸÑŸÖŸÇÿßÿ®ŸÑ ÿ£Ÿàÿ¨ÿØ ŸÇŸäŸÖÿ© ÿ≥ ÿü | R106: 1 | S106: image and text | T106: 1 | U106: MCQ | V106: 1307475 | X106: 1307476 | Y106: 0 | Z106: 46007.253 | AA106: 46007.253 | AB106: 18 | AC106: 1 | AD106: 557612 | AE106: 0 | AF106: 46002.441 | AG106: 46002.441 | AH106: 46007.253 | AI106: 1
A107: mcq15194050 | B107: mcq | C107: TEAM_EXERCISE | D107: 342123 | E107: course session | F107: 14796 | G107: 70690 | J107: 148837 | K107: 0 | L107: 1 | M107: 1 | N107: 647306 | O107: has correct answer | P107: 334117 | Q107: ŸÅŸä ÿßŸÑÿ¥ŸÉŸÑ ÿßŸÑŸÖŸÇÿßÿ®ŸÑ ÿ£Ÿàÿ¨ÿØ ŸÇŸäŸÖÿ© ÿ≥ ÿü | R107: 1 | S107: image and text | T107: 1 | U107: MCQ | V107: 1307474 | X107: 1307476 | Y107: 0 | Z107: 46007.255 | AA107: 46007.256 | AB107: 39 | AC107: 1 | AD107: 557612 | AE107: 0 | AF107: 46002.441 | AG107: 46002.441 | AH107: 46007.256 | AI107: 1
A108: mcq15195985 | B108: mcq | C108: EXIT_TICKET | D108: 342118 | E108: course session | F108: 14796 | G108: 70690 | J108: 148836 | K108: 0 | L108: 1 | M108: 1 | N108: 647496 | O108: has correct answer | P108: 321830 | Q108: &nbsp;ŸÅŸä ÿßŸÑÿ¥ŸÉŸÑ ÿßŸÑŸÖÿ¨ÿßŸàÿ± :<div>&nbsp;ÿ£Ÿàÿ¨ÿØ ŸÇŸäÿßÿ≥ ÿßŸÑŸÇŸàÿ≥<div>&nbsp;<math dir="rtl" xmlns="http://www.w3.org/1998/Math/MathML"><mi>&#1602;</mi><mo>&#160;</mo><mfenced><mover><mrow><mi>&#1605;</mi><mo>&#160;</mo><mi>&#1606;</mi></mrow><mo>&#9180;</mo></mover></mfenced></math></div></div> | R108: 1 | S108: image and text | T108: 0 | U108: MCQ | V108: 1259499 | X108: 1259500 | Y108: 0 | Z108: 46007.261 | AA108: 46007.261 | AB108: 30 | AC108: 1 | AD108: 557612 | AE108: 0 | AF108: 46002.441 | AG108: 46002.441 | AH108: 46007.261 | AI108: 1
A109: mcq15195959 | B109: mcq | C109: EXIT_TICKET | D109: 342118 | E109: course session | F109: 14796 | G109: 70690 | J109: 148836 | K109: 0 | L109: 1 | M109: 1 | N109: 648951 | O109: has correct answer | P109: 321830 | Q109: &nbsp;ŸÅŸä ÿßŸÑÿ¥ŸÉŸÑ ÿßŸÑŸÖÿ¨ÿßŸàÿ± :<div>&nbsp;ÿ£Ÿàÿ¨ÿØ ŸÇŸäÿßÿ≥ ÿßŸÑŸÇŸàÿ≥<div>&nbsp;<math dir="rtl" xmlns="http://www.w3.org/1998/Math/MathML"><mi>&#1602;</mi><mo>&#160;</mo><mfenced><mover><mrow><mi>&#1605;</mi><mo>&#160;</mo><mi>&#1606;</mi></mrow><mo>&#9180;</mo></mover></mfenced></math></div></div> | R109: 1 | S109: image and text | T109: 0 | U109: MCQ | V109: 1259498 | X109: 1259500 | Y109: 0 | Z109: 46007.26 | AA109: 46007.261 | AB109: 21 | AC109: 1 | AD109: 557612 | AE109: 0 | AF109: 46002.441 | AG109: 46002.441 | AH109: 46007.261 | AI109: 1
A110: mcq15195898 | B110: mcq | C110: EXIT_TICKET | D110: 342118 | E110: course session | F110: 14796 | G110: 70690 | J110: 148836 | K110: 0 | L110: 1 | M110: 1 | N110: 647426 | O110: has correct answer | P110: 321830 | Q110: &nbsp;ŸÅŸä ÿßŸÑÿ¥ŸÉŸÑ ÿßŸÑŸÖÿ¨ÿßŸàÿ± :<div>&nbsp;ÿ£Ÿàÿ¨ÿØ ŸÇŸäÿßÿ≥ ÿßŸÑŸÇŸàÿ≥<div>&nbsp;<math dir="rtl" xmlns="http://www.w3.org/1998/Math/MathML"><mi>&#1602;</mi><mo>&#160;</mo><mfenced><mover><mrow><mi>&#1605;</mi><mo>&#160;</mo><mi>&#1606;</mi></mrow><mo>&#9180;</mo></mover></mfenced></math></div></div> | R110: 1 | S110: image and text | T110: 0 | U110: MCQ | V110: 1259499 | X110: 1259500 | Y110: 0 | Z110: 46007.26 | AA110: 46007.26 | AB110: 20 | AC110: 1 | AD110: 557612 | AE110: 0 | AF110: 46002.441 | AG110: 46002.441 | AH110: 46007.26 | AI110: 1
A111: mcq15196011 | B111: mcq | C111: EXIT_TICKET | D111: 342118 | E111: course session | F111: 14796 | G111: 70690 | J111: 148836 | K111: 0 | L111: 1 | M111: 1 | N111: 648959 | O111: has correct answer | P111: 321830 | Q111: &nbsp;ŸÅŸä ÿßŸÑÿ¥ŸÉŸÑ ÿßŸÑŸÖÿ¨ÿßŸàÿ± :<div>&nbsp;ÿ£Ÿàÿ¨ÿØ ŸÇŸäÿßÿ≥ ÿßŸÑŸÇŸàÿ≥<div>&nbsp;<math dir="rtl" xmlns="http://www.w3.org/1998/Math/MathML"><mi>&#1602;</mi><mo>&#160;</mo><mfenced><mover><mrow><mi>&#1605;</mi><mo>&#160;</mo><mi>&#1606;</mi></mrow><mo>&#9180;</mo></mover></mfenced></math></div></div> | R111: 1 | S111: image and text | T111: 0 | U111: MCQ | V111: 1259500 | X111: 1259500 | Y111: 1 | Z111: 46007.261 | AA111: 46007.262 | AB111: 45 | AC111: 4 | AD111: 557612 | AE111: 0 | AF111: 46002.441 | AG111: 46002.441 | AH111: 46007.262 | AI111: 1
...

Sheet d_classroom_activity_70690
A1: activity_id | B1: course_session_id | C1: session_class_type | D1: session_slide_id | E1: type | F1: start_time | G1: end_time | H1: activity_happened | I1: created_at | J1: planned_duration | K1: duration | L1: mcq_ids | M1: question_ids | N1: room_ids | O1: total_mcqs | P1: creator_id | Q1: mcq_types
A2: 148841 | B2: 70690 | C2: LIVE_CLASS | D2: 1396625 | E2: SECTION_CHECK | F2: 46007.235 | G2: 46007.236 | H2: 1 | I2: 46002.441 | J2: 60 | K2: 65 | L2: [342127] | M2: [323256] | N2: [54332] | O2: 1 | P2: 557612 | Q2: ["MCQ"]
A3: 148837 | B3: 70690 | C3: LIVE_CLASS | D3: 1396621 | E3: TEAM_EXERCISE | F3: 46007.253 | G3: 46007.256 | H3: 1 | I3: 46002.441 | J3: 300 | K3: 309 | L3: [342123, 342119, 342120, 342121, 342122] | M3: [367083, 339665, 347331, 334117, 334118] | N3: [54332] | O3: 5 | P3: 557612 | Q3: ["MCQ"]
A4: 148836 | B4: 70690 | C4: LIVE_CLASS | D4: 1396620 | E4: EXIT_TICKET | F4: 46007.26 | G4: 46007.263 | H4: 1 | I4: 46002.441 | J4: 240 | K4: 243 | L4: [342115, 342116, 342117, 342118] | M4: [321509, 321830, 319911, 18098] | N4: [54332] | O4: 4 | P4: 557612 | Q4: ["MCQ"]
A5: 148839 | B5: 70690 | C5: LIVE_CLASS | D5: 1396623 | E5: SECTION_CHECK | F5: 46007.244 | G5: 46007.245 | H5: 1 | I5: 46002.441 | J5: 60 | K5: 66 | L5: [342125] | M5: [339211] | N5: [54332] | O5: 1 | P5: 557612 | Q5: ["MCQ"]
A6: 148840 | B6: 70690 | C6: LIVE_CLASS | D6: 1396624 | E6: SECTION_CHECK | F6: 46007.242 | G6: 46007.243 | H6: 1 | I6: 46002.441 | J6: 60 | K6: 65 | L6: [342126] | M6: [339432] | N6: [54332] | O6: 1 | P6: 557612 | Q6: ["MCQ"]
A7: 148838 | B7: 70690 | C7: LIVE_CLASS | D7: 1396622 | E7: SECTION_CHECK | F7: 46007.249 | G7: 46007.249 | H7: 1 | I7: 46002.441 | J7: 60 | K7: 63 | L7: [342124] | M7: [322117] | N7: [54332] | O7: 1 | P7: 557612 | Q7: ["MCQ"]

Sheet chats_70690
A1: op | B1: timestamp_dms | C1: _id | D1: message_id | E1: message_text | F1: chat_id | G1: creator_id | H1: user_type | I1: course_session_id | J1: creator_name | K1: creator_avatar_url | L1: created_at_ms | M1: created_at_ts | N1: rn | O1: _doc
A2: I | B2: 46007.231 | C2: 6940eeceb7e9a1769e0962e8 | D2: 77e7d25d-21fe-45e2-801d-5211ac21f15f | E2: ÿßŸÑÿµŸàÿ™ ŸäŸÇÿ∑ÿπ | F2: 731f4273-a000-45da-b73c-049e6b683305 | G2: 652934 | H2: STUDENT | I2: 70690 | J2: ÿπÿ®ÿØÿßŸÑŸÑŸá ÿßŸÑŸáÿßÿ¨ÿ±Ÿä | L2: 1765863118082 | M2: 46007.231 | N2: 1 | O2: { "_id" : { "$oid" : "6940eeceb7e9a1769e0962e8" }, "id" : "77e7d25d-21fe-45e2-801d-5211ac21f15f", "text" : "ÿßŸÑÿµŸàÿ™ ŸäŸÇÿ∑ÿπ", "chat_id" : "731f4273-a000-45da-b73c-049e6b683305", "creator_id" : 652934, "user_type" : "STUDENT", "metadata" : { "courseSessionId" : 70690 }, "creator_metadata" : { "name" : "ÿπÿ®ÿØÿßŸÑŸÑŸá ÿßŸÑŸáÿßÿ¨ÿ±Ÿä", "avatarUrl" : { "url" : "https://cdn.studyatnoon.com/public/school_student/652934/fd4bf2e8-3c23-4481-b3e2-2d9e010383ce_thumbnail.jpeg" } }, "created_at" : { "$date" : 1765863118082 }, "_class" : "com.noon.noon2.entity.chat.ChatMessage" }
A3: I | B3: 46007.244 | C3: 6940f33db7e9a1769e09805f | D3: afe5411a-a1d2-407b-8c1f-371a2b78b3a7 | E3: ÿßŸäŸá | F3: 731f4273-a000-45da-b73c-049e6b683305 | G3: 647411 | H3: STUDENT | I3: 70690 | J3: ŸÅÿßÿ±ÿ≥ ÿπŸàÿ∂Ÿá | L3: 1765864253761 | M3: 46007.244 | N3: 1 | O3: { "_id" : { "$oid" : "6940f33db7e9a1769e09805f" }, "id" : "afe5411a-a1d2-407b-8c1f-371a2b78b3a7", "text" : "ÿßŸäŸá", "chat_id" : "731f4273-a000-45da-b73c-049e6b683305", "creator_id" : 647411, "user_type" : "STUDENT", "metadata" : { "courseSessionId" : 70690 }, "creator_metadata" : { "name" : "ŸÅÿßÿ±ÿ≥ ÿπŸàÿ∂Ÿá", "avatarUrl" : { "url" : "https://cdn.studyatnoon.com/public/school_student/647411/79ee8fc4-175b-4e8f-a16a-22c46e72f4b1_thumbnail.jpeg" } }, "created_at" : { "$date" : 1765864253761 }, "_class" : "com.noon.noon2.entity.chat.ChatMessage" }
A4: I | B4: 46007.258 | C4: 6940f807b7e9a1769e09af5a | D4: d1809ee3-77a5-4df4-87cb-453c9ae7dd9b | E4: ŸÅŸáŸÖÿ™ | F4: 731f4273-a000-45da-b73c-049e6b683305 | G4: 648951 | H4: STUDENT | I4: 70690 | J4: ÿ•ÿ®ÿ±ÿßŸáŸäŸÖ ÿ®ŸÜ ÿØÿßŸäŸÑ | L4: 1765865479199 | M4: 46007.258 | N4: 1 | O4: { "_id" : { "$oid" : "6940f807b7e9a1769e09af5a" }, "id" : "d1809ee3-77a5-4df4-87cb-453c9ae7dd9b", "text" : "ŸÅŸáŸÖÿ™", "chat_id" : "731f4273-a000-45da-b73c-049e6b683305", "creator_id" : 648951, "user_type" : "STUDENT", "metadata" : { "courseSessionId" : 70690 }, "creator_metadata" : { "name" : "ÿ•ÿ®ÿ±ÿßŸáŸäŸÖ ÿ®ŸÜ ÿØÿßŸäŸÑ", "avatarUrl" : { "url" : "https://cdn.non.sa/images/avatar/male/1.png" } }, "created_at" : { "$date" : 1765865479199 }, "_class" : "com.noon.noon2.entity.chat.ChatMessage" }
A5: I | B5: 46007.231 | C5: 6940eedfb7e9a1769e09632a | D5: c2f7180a-9063-419d-a485-e1a49c4176aa | E5: ŸÑÿß | F5: 731f4273-a000-45da-b73c-049e6b683305 | G5: 652934 | H5: STUDENT | I5: 70690 | J5: ÿπÿ®ÿØÿßŸÑŸÑŸá ÿßŸÑŸáÿßÿ¨ÿ±Ÿä | L5: 1765863135847 | M5: 46007.231 | N5: 1 | O5: { "_id" : { "$oid" : "6940eedfb7e9a1769e09632a" }, "id" : "c2f7180a-9063-419d-a485-e1a49c4176aa", "text" : "ŸÑÿß", "chat_id" : "731f4273-a000-45da-b73c-049e6b683305", "creator_id" : 652934, "user_type" : "STUDENT", "metadata" : { "courseSessionId" : 70690 }, "creator_metadata" : { "name" : "ÿπÿ®ÿØÿßŸÑŸÑŸá ÿßŸÑŸáÿßÿ¨ÿ±Ÿä", "avatarUrl" : { "url" : "https://cdn.studyatnoon.com/public/school_student/652934/fd4bf2e8-3c23-4481-b3e2-2d9e010383ce_thumbnail.jpeg" } }, "created_at" : { "$date" : 1765863135847 }, "_class" : "com.noon.noon2.entity.chat.ChatMessage" }
A6: I | B6: 46007.247 | C6: 6940f45db7e9a1769e09896c | D6: de6463d1-a255-4d69-b9f4-9ba750e3e7fb | E6: Ÿàÿßÿ∂ÿ≠ ÿπÿ±ŸÅÿ™ ÿÆÿ∑ÿ¶Ÿä | F6: 731f4273-a000-45da-b73c-049e6b683305 | G6: 647411 | H6: STUDENT | I6: 70690 | J6: ŸÅÿßÿ±ÿ≥ ÿπŸàÿ∂Ÿá | L6: 1765864541715 | M6: 46007.247 | N6: 1 | O6: { "_id" : { "$oid" : "6940f45db7e9a1769e09896c" }, "id" : "de6463d1-a255-4d69-b9f4-9ba750e3e7fb", "text" : "Ÿàÿßÿ∂ÿ≠ ÿπÿ±ŸÅÿ™ ÿÆÿ∑ÿ¶Ÿä", "chat_id" : "731f4273-a000-45da-b73c-049e6b683305", "creator_id" : 647411, "user_type" : "STUDENT", "metadata" : { "courseSessionId" : 70690 }, "creator_metadata" : { "name" : "ŸÅÿßÿ±ÿ≥ ÿπŸàÿ∂Ÿá", "avatarUrl" : { "url" : "https://cdn.studyatnoon.com/public/school_student/647411/79ee8fc4-175b-4e8f-a16a-22c46e72f4b1_thumbnail.jpeg" } }, "created_at" : { "$date" : 1765864541715 }, "_class" : "com.noon.noon2.entity.chat.ChatMessage" }
A7: I | B7: 46007.231 | C7: 6940eee6b7e9a1769e096362 | D7: 2221d01e-62a4-4a13-b524-241b2b9873e3 | E7: ÿµŸàÿ™ ŸäŸÇÿ∑ÿπ | F7: 731f4273-a000-45da-b73c-049e6b683305 | G7: 648959 | H7: STUDENT | I7: 70690 | J7: ŸÉÿ±ŸÖ ÿ∫ŸÜÿßŸäŸÖ | L7: 1765863142198 | M7: 46007.231 | N7: 1 | O7: { "_id" : { "$oid" : "6940eee6b7e9a1769e096362" }, "id" : "2221d01e-62a4-4a13-b524-241b2b9873e3", "text" : "ÿµŸàÿ™ ŸäŸÇÿ∑ÿπ", "chat_id" : "731f4273-a000-45da-b73c-049e6b683305", "creator_id" : 648959, "user_type" : "STUDENT", "metadata" : { "courseSessionId" : 70690 }, "creator_metadata" : { "name" : "ŸÉÿ±ŸÖ ÿ∫ŸÜÿßŸäŸÖ", "avatarUrl" : { "url" : "https://cdn.studyatnoon.com/public/school_student/648959/52ad66e3-3d8e-4c9b-a8a2-98b299b1deed_thumbnail.jpeg" } }, "created_at" : { "$date" : 1765863142198 }, "_class" : "com.noon.noon2.entity.chat.ChatMessage" }
A8: I | B8: 46007.241 | C8: 6940f26db7e9a1769e0978c3 | D8: 1d6879ec-cb18-448e-ad3f-6206f88266b8 | E8: 40 | F8: 731f4273-a000-45da-b73c-049e6b683305 | G8: 647411 | H8: STUDENT | I8: 70690 | J8: ŸÅÿßÿ±ÿ≥ ÿπŸàÿ∂Ÿá | L8: 1765864045636 | M8: 46007.241 | N8: 1 | O8: { "_id" : { "$oid" : "6940f26db7e9a1769e0978c3" }, "id" : "1d6879ec-cb18-448e-ad3f-6206f88266b8", "text" : "40", "chat_id" : "731f4273-a000-45da-b73c-049e6b683305", "creator_id" : 647411, "user_type" : "STUDENT", "metadata" : { "courseSessionId" : 70690 }, "creator_metadata" : { "name" : "ŸÅÿßÿ±ÿ≥ ÿπŸàÿ∂Ÿá", "avatarUrl" : { "url" : "https://cdn.studyatnoon.com/public/school_student/647411/79ee8fc4-175b-4e8f-a16a-22c46e72f4b1_thumbnail.jpeg" } }, "created_at" : { "$date" : 1765864045636 }, "_class" : "com.noon.noon2.entity.chat.ChatMessage" }
A9: I | B9: 46007.241 | C9: 6940f237b7e9a1769e097715 | D9: 84023a34-4c5e-453c-89ee-4868750c2202 | E9: ŸÜÿ®Ÿä ÿßÿ≥ÿ¶ŸÑŸá | F9: 731f4273-a000-45da-b73c-049e6b683305 | G9: 647411 | H9: STUDENT | I9: 70690 | J9: ŸÅÿßÿ±ÿ≥ ÿπŸàÿ∂Ÿá | L9: 1765863991055 | M9: 46007.241 | N9: 1 | O9: { "_id" : { "$oid" : "6940f237b7e9a1769e097715" }, "id" : "84023a34-4c5e-453c-89ee-4868750c2202", "text" : "ŸÜÿ®Ÿä ÿßÿ≥ÿ¶ŸÑŸá", "chat_id" : "731f4273-a000-45da-b73c-049e6b683305", "creator_id" : 647411, "user_type" : "STUDENT", "metadata" : { "courseSessionId" : 70690 }, "creator_metadata" : { "name" : "ŸÅÿßÿ±ÿ≥ ÿπŸàÿ∂Ÿá", "avatarUrl" : { "url" : "https://cdn.studyatnoon.com/public/school_student/647411/79ee8fc4-175b-4e8f-a16a-22c46e72f4b1_thumbnail.jpeg" } }, "created_at" : { "$date" : 1765863991055 }, "_class" : "com.noon.noon2.entity.chat.ChatMessage" }
A10: I | B10: 46007.252 | C10: 6940f622b7e9a1769e099c07 | D10: f15e169a-86f9-496a-8856-9f1c0379a38d | E10: ŸÜÿ®Ÿä ÿ≠ÿ®ÿßÿ± | F10: 731f4273-a000-45da-b73c-049e6b683305 | G10: 652958 | H10: STUDENT | I10: 70690 | J10: ŸÅŸáÿØ ÿßŸÑÿ±ÿ¥ŸäÿØŸä | L10: 1765864994669 | M10: 46007.252 | N10: 1 | O10: { "_id" : { "$oid" : "6940f622b7e9a1769e099c07" }, "id" : "f15e169a-86f9-496a-8856-9f1c0379a38d", "text" : "ŸÜÿ®Ÿä ÿ≠ÿ®ÿßÿ±", "chat_id" : "731f4273-a000-45da-b73c-049e6b683305", "creator_id" : 652958, "user_type" : "STUDENT", "metadata" : { "courseSessionId" : 70690 }, "creator_metadata" : { "name" : "ŸÅŸáÿØ ÿßŸÑÿ±ÿ¥ŸäÿØŸä", "avatarUrl" : { "url" : "https://cdn.non.sa/images/avatar/male/4.png" } }, "created_at" : { "$date" : 1765864994669 }, "_class" : "com.noon.noon2.entity.chat.ChatMessage" }
A11: I | B11: 46007.247 | C11: 6940f457b7e9a1769e098937 | D11: c3ab0c78-c95c-4dd9-bf67-ef91c82265e6 | E11: Ÿàÿßÿ∂ÿ≠ | F11: 731f4273-a000-45da-b73c-049e6b683305 | G11: 647499 | H11: STUDENT | I11: 70690 | J11: ÿπÿ®ÿØÿßŸÑÿ±ÿ≠ŸÖŸÜ ÿßŸÑÿ∫ÿßŸÜŸÖ | L11: 1765864535329 | M11: 46007.247 | N11: 1 | O11: { "_id" : { "$oid" : "6940f457b7e9a1769e098937" }, "id" : "c3ab0c78-c95c-4dd9-bf67-ef91c82265e6", "text" : "Ÿàÿßÿ∂ÿ≠", "chat_id" : "731f4273-a000-45da-b73c-049e6b683305", "creator_id" : 647499, "user_type" : "STUDENT", "metadata" : { "courseSessionId" : 70690 }, "creator_metadata" : { "name" : "ÿπÿ®ÿØÿßŸÑÿ±ÿ≠ŸÖŸÜ ÿßŸÑÿ∫ÿßŸÜŸÖ", "avatarUrl" : { "url" : "https://cdn.studyatnoon.com/public/school_student/647499/ce667997-10c3-4998-a42b-f2051d491a6f_thumbnail.jpeg" } }, "created_at" : { "$date" : 1765864535329 }, "_class" : "com.noon.noon2.entity.chat.ChatMessage" }
A12: I | B12: 46007.23 | C12: 6940eecab7e9a1769e0962b1 | D12: 6b9e37c2-9cc4-4ee7-90d7-f3ca58a15c92 | E12: ŸÖÿØÿ±Ÿä Ÿàÿ¥ ÿ™ŸÇŸàŸÑ | F12: 731f4273-a000-45da-b73c-049e6b683305 | G12: 647411 | H12: STUDENT | I12: 70690 | J12: ŸÅÿßÿ±ÿ≥ ÿπŸàÿ∂Ÿá | L12: 1765863114556 | M12: 46007.23 | N12: 1 | O12: { "_id" : { "$oid" : "6940eecab7e9a1769e0962b1" }, "id" : "6b9e37c2-9cc4-4ee7-90d7-f3ca58a15c92", "text" : "ŸÖÿØÿ±Ÿä Ÿàÿ¥ ÿ™ŸÇŸàŸÑ", "chat_id" : "731f4273-a000-45da-b73c-049e6b683305", "creator_id" : 647411, "user_type" : "STUDENT", "metadata" : { "courseSessionId" : 70690 }, "creator_metadata" : { "name" : "ŸÅÿßÿ±ÿ≥ ÿπŸàÿ∂Ÿá", "avatarUrl" : { "url" : "https://cdn.studyatnoon.com/public/school_student/647411/79ee8fc4-175b-4e8f-a16a-22c46e72f4b1_thumbnail.jpeg" } }, "created_at" : { "$date" : 1765863114556 }, "_class" : "com.noon.noon2.entity.chat.ChatMessage" }
A13: I | B13: 46007.236 | C13: 6940f0b6b7e9a1769e096ca3 | D13: d558efb9-7cb0-4dcd-86fb-900a06ce63c7 | E13: ÿßŸÜÿß ŸÖÿß ÿ∑ŸÑÿπÿ™ ŸÑŸä ÿßŸÑÿµŸàÿ±Ÿá | F13: 731f4273-a000-45da-b73c-049e6b683305 | G13: 657525 | H13: STUDENT | I13: 70690 | J13: ŸÅŸáÿØ ÿßŸÑÿ≥ŸÜŸäÿØŸä | L13: 1765863606911 | M13: 46007.236 | N13: 1 | O13: { "_id" : { "$oid" : "6940f0b6b7e9a1769e096ca3" }, "id" : "d558efb9-7cb0-4dcd-86fb-900a06ce63c7", "text" : "ÿßŸÜÿß ŸÖÿß ÿ∑ŸÑÿπÿ™ ŸÑŸä ÿßŸÑÿµŸàÿ±Ÿá", "chat_id" : "731f4273-a000-45da-b73c-049e6b683305", "creator_id" : 657525, "user_type" : "STUDENT", "metadata" : { "courseSessionId" : 70690 }, "creator_metadata" : { "name" : "ŸÅŸáÿØ ÿßŸÑÿ≥ŸÜŸäÿØŸä", "avatarUrl" : { "url" : "https://cdn.non.sa/images/avatar/male/2.png" } }, "created_at" : { "$date" : 1765863606911 }, "_class" : "com.noon.noon2.entity.chat.ChatMessage" }
A14: I | B14: 46007.238 | C14: 6940f17cb7e9a1769e09716f | D14: e64d0a0d-0076-4169-ae81-3acb9d98c5b4 | E14: Ÿàÿßÿ∂ÿ≠ | F14: 731f4273-a000-45da-b73c-049e6b683305 | G14: 647411 | H14: STUDENT | I14: 70690 | J14: ŸÅÿßÿ±ÿ≥ ÿπŸàÿ∂Ÿá | L14: 1765863804084 | M14: 46007.238 | N14: 1 | O14: { "_id" : { "$oid" : "6940f17cb7e9a1769e09716f" }, "id" : "e64d0a0d-0076-4169-ae81-3acb9d98c5b4", "text" : "Ÿàÿßÿ∂ÿ≠", "chat_id" : "731f4273-a000-45da-b73c-049e6b683305", "creator_id" : 647411, "user_type" : "STUDENT", "metadata" : { "courseSessionId" : 70690 }, "creator_metadata" : { "name" : "ŸÅÿßÿ±ÿ≥ ÿπŸàÿ∂Ÿá", "avatarUrl" : { "url" : "https://cdn.studyatnoon.com/public/school_student/647411/79ee8fc4-175b-4e8f-a16a-22c46e72f4b1_thumbnail.jpeg" } }, "created_at" : { "$date" : 1765863804084 }, "_class" : "com.noon.noon2.entity.chat.ChatMessage" }
A15: I | B15: 46007.258 | C15: 6940f7f6b7e9a1769e09ae88 | D15: e0fcc155-8dfd-463a-990e-279e5c1f3cda | E15: Ÿàÿßÿ∂ÿ≠ | F15: 731f4273-a000-45da-b73c-049e6b683305 | G15: 647306 | H15: STUDENT | I15: 70690 | J15: ŸäŸàÿ≥ŸÅ ÿßŸÑÿ≠ÿ±ÿ®Ÿä | L15: 1765865462757 | M15: 46007.258 | N15: 1 | O15: { "_id" : { "$oid" : "6940f7f6b7e9a1769e09ae88" }, "id" : "e0fcc155-8dfd-463a-990e-279e5c1f3cda", "text" : "Ÿàÿßÿ∂ÿ≠", "chat_id" : "731f4273-a000-45da-b73c-049e6b683305", "creator_id" : 647306, "user_type" : "STUDENT", "metadata" : { "courseSessionId" : 70690 }, "creator_metadata" : { "name" : "ŸäŸàÿ≥ŸÅ ÿßŸÑÿ≠ÿ±ÿ®Ÿä", "avatarUrl" : { "url" : "https://cdn.studyatnoon.com/public/school_student/647306/c768df7f-345b-44ec-8e47-7b1d1e51ca62_thumbnail.jpeg" } }, "created_at" : { "$date" : 1765865462757 }, "_class" : "com.noon.noon2.entity.chat.ChatMessage" }
A16: I | B16: 46007.23 | C16: 6940ee9db7e9a1769e09616e | D16: 071d5319-ebc1-4008-9920-86672a4294b2 | E16: ÿ≥ŸÑÿßŸÖ ÿπŸÑŸäŸÉŸÖ Ÿàÿ±ÿ≠ŸÖŸá ÿßŸÑŸÑŸá Ÿàÿ®ÿ±ŸÉÿßÿ™Ÿá Ÿäÿß ÿßÿ≥ÿ™ÿßÿ∞ ŸÉŸäŸÅ ÿ≠ÿßŸÑŸÉ ÿ£ŸÜ ÿ¥ÿßÿ° ÿßŸÑŸÑŸá ŸÉŸàŸäÿ≥ üíêüíêüíêüíêüíêüíêüíêüíêüíêüíêüíêüíêüíêüíê | F16: 731f4273-a000-45da-b73c-049e6b683305 | G16: 648959 | H16: STUDENT | I16: 70690 | J16: ŸÉÿ±ŸÖ ÿ∫ŸÜÿßŸäŸÖ | L16: 1765863069804 | M16: 46007.23 | N16: 1 | O16: { "_id" : { "$oid" : "6940ee9db7e9a1769e09616e" }, "id" : "071d5319-ebc1-4008-9920-86672a4294b2", "text" : "ÿ≥ŸÑÿßŸÖ ÿπŸÑŸäŸÉŸÖ Ÿàÿ±ÿ≠ŸÖŸá ÿßŸÑŸÑŸá Ÿàÿ®ÿ±ŸÉÿßÿ™Ÿá Ÿäÿß ÿßÿ≥ÿ™ÿßÿ∞ ŸÉŸäŸÅ ÿ≠ÿßŸÑŸÉ ÿ£ŸÜ ÿ¥ÿßÿ° ÿßŸÑŸÑŸá ŸÉŸàŸäÿ≥ üíêüíêüíêüíêüíêüíêüíêüíêüíêüíêüíêüíêüíêüíê", "chat_id" : "731f4273-a000-45da-b73c-049e6b683305", "creator_id" : 648959, "user_type" : "STUDENT", "metadata" : { "courseSessionId" : 70690 }, "creator_metadata" : { "name" : "ŸÉÿ±ŸÖ ÿ∫ŸÜÿßŸäŸÖ", "avatarUrl" : { "url" : "https://cdn.studyatnoon.com/public/school_student/648959/52ad66e3-3d8e-4c9b-a8a2-98b299b1deed_thumbnail.jpeg" } }, "created_at" : { "$date" : 1765863069804 }, "_class" : "com.noon.noon2.entity.chat.ChatMessage" }
A17: I | B17: 46007.232 | C17: 6940ef3db7e9a1769e09649d | D17: ee53128f-64c6-4d62-9d1b-5d3a6176fa98 | E17: ŸÖŸÖÿ™ÿßÿ≤ ÿßŸÑÿ≠ŸäŸÜ | F17: 731f4273-a000-45da-b73c-049e6b683305 | G17: 647411 | H17: STUDENT | I17: 70690 | J17: ŸÅÿßÿ±ÿ≥ ÿπŸàÿ∂Ÿá | L17: 1765863229694 | M17: 46007.232 | N17: 1 | O17: { "_id" : { "$oid" : "6940ef3db7e9a1769e09649d" }, "id" : "ee53128f-64c6-4d62-9d1b-5d3a6176fa98", "text" : "ŸÖŸÖÿ™ÿßÿ≤ ÿßŸÑÿ≠ŸäŸÜ", "chat_id" : "731f4273-a000-45da-b73c-049e6b683305", "creator_id" : 647411, "user_type" : "STUDENT", "metadata" : { "courseSessionId" : 70690 }, "creator_metadata" : { "name" : "ŸÅÿßÿ±ÿ≥ ÿπŸàÿ∂Ÿá", "avatarUrl" : { "url" : "https://cdn.studyatnoon.com/public/school_student/647411/79ee8fc4-175b-4e8f-a16a-22c46e72f4b1_thumbnail.jpeg" } }, "created_at" : { "$date" : 1765863229694 }, "_class" : "com.noon.noon2.entity.chat.ChatMessage" }
A18: I | B18: 46007.23 | C18: 6940eebab7e9a1769e096264 | D18: 11157e5a-82f7-4c97-9ed9-78387678894e | E18: ÿµŸàÿ™ ŸäÿπŸÑŸÇ | F18: 731f4273-a000-45da-b73c-049e6b683305 | G18: 647411 | H18: STUDENT | I18: 70690 | J18: ŸÅÿßÿ±ÿ≥ ÿπŸàÿ∂Ÿá | L18: 1765863098665 | M18: 46007.23 | N18: 1 | O18: { "_id" : { "$oid" : "6940eebab7e9a1769e096264" }, "id" : "11157e5a-82f7-4c97-9ed9-78387678894e", "text" : "ÿµŸàÿ™ ŸäÿπŸÑŸÇ", "chat_id" : "731f4273-a000-45da-b73c-049e6b683305", "creator_id" : 647411, "user_type" : "STUDENT", "metadata" : { "courseSessionId" : 70690 }, "creator_metadata" : { "name" : "ŸÅÿßÿ±ÿ≥ ÿπŸàÿ∂Ÿá", "avatarUrl" : { "url" : "https://cdn.studyatnoon.com/public/school_student/647411/79ee8fc4-175b-4e8f-a16a-22c46e72f4b1_thumbnail.jpeg" } }, "created_at" : { "$date" : 1765863098665 }, "_class" : "com.noon.noon2.entity.chat.ChatMessage" }
A19: I | B19: 46007.241 | C19: 6940f240b7e9a1769e09774d | D19: 9a09cdfb-3773-458b-905f-ccf5d391d908 | E19: ÿ™ŸÖÿßŸÖ Ÿàÿßÿ∂ÿ≠ | F19: 731f4273-a000-45da-b73c-049e6b683305 | G19: 648959 | H19: STUDENT | I19: 70690 | J19: ŸÉÿ±ŸÖ ÿ∫ŸÜÿßŸäŸÖ | L19: 1765864000653 | M19: 46007.241 | N19: 1 | O19: { "_id" : { "$oid" : "6940f240b7e9a1769e09774d" }, "id" : "9a09cdfb-3773-458b-905f-ccf5d391d908", "text" : "ÿ™ŸÖÿßŸÖ Ÿàÿßÿ∂ÿ≠", "chat_id" : "731f4273-a000-45da-b73c-049e6b683305", "creator_id" : 648959, "user_type" : "STUDENT", "metadata" : { "courseSessionId" : 70690 }, "creator_metadata" : { "name" : "ŸÉÿ±ŸÖ ÿ∫ŸÜÿßŸäŸÖ", "avatarUrl" : { "url" : "https://cdn.studyatnoon.com/public/school_student/648959/52ad66e3-3d8e-4c9b-a8a2-98b299b1deed_thumbnail.jpeg" } }, "created_at" : { "$date" : 1765864000653 }, "_class" : "com.noon.noon2.entity.chat.ChatMessage" }
A20: I | B20: 46007.247 | C20: 6940f45bb7e9a1769e09896b | D20: 768a0ffa-d2f2-4b74-9d70-a2636287c2f6 | E20: Ÿàÿßÿ∂ÿ≠ | F20: 731f4273-a000-45da-b73c-049e6b683305 | G20: 652934 | H20: STUDENT | I20: 70690 | J20: ÿπÿ®ÿØÿßŸÑŸÑŸá ÿßŸÑŸáÿßÿ¨ÿ±Ÿä | L20: 1765864539563 | M20: 46007.247 | N20: 1 | O20: { "_id" : { "$oid" : "6940f45bb7e9a1769e09896b" }, "id" : "768a0ffa-d2f2-4b74-9d70-a2636287c2f6", "text" : "Ÿàÿßÿ∂ÿ≠", "chat_id" : "731f4273-a000-45da-b73c-049e6b683305", "creator_id" : 652934, "user_type" : "STUDENT", "metadata" : { "courseSessionId" : 70690 }, "creator_metadata" : { "name" : "ÿπÿ®ÿØÿßŸÑŸÑŸá ÿßŸÑŸáÿßÿ¨ÿ±Ÿä", "avatarUrl" : { "url" : "https://cdn.studyatnoon.com/public/school_student/652934/fd4bf2e8-3c23-4481-b3e2-2d9e010383ce_thumbnail.jpeg" } }, "created_at" : { "$date" : 1765864539563 }, "_class" : "com.noon.noon2.entity.chat.ChatMessage" }
A21: I | B21: 46007.241 | C21: 6940f251b7e9a1769e0977bc | D21: 42677de4-7ffe-4f3b-aa8f-327b2bcc0733 | E21: 40 | F21: 731f4273-a000-45da-b73c-049e6b683305 | G21: 647411 | H21: STUDENT | I21: 70690 | J21: ŸÅÿßÿ±ÿ≥ ÿπŸàÿ∂Ÿá | L21: 1765864017246 | M21: 46007.241 | N21: 1 | O21: { "_id" : { "$oid" : "6940f251b7e9a1769e0977bc" }, "id" : "42677de4-7ffe-4f3b-aa8f-327b2bcc0733", "text" : "40", "chat_id" : "731f4273-a000-45da-b73c-049e6b683305", "creator_id" : 647411, "user_type" : "STUDENT", "metadata" : { "courseSessionId" : 70690 }, "creator_metadata" : { "name" : "ŸÅÿßÿ±ÿ≥ ÿπŸàÿ∂Ÿá", "avatarUrl" : { "url" : "https://cdn.studyatnoon.com/public/school_student/647411/79ee8fc4-175b-4e8f-a16a-22c46e72f4b1_thumbnail.jpeg" } }, "created_at" : { "$date" : 1765864017246 }, "_class" : "com.noon.noon2.entity.chat.ChatMessage" }
A22: I | B22: 46007.232 | C22: 6940ef51b7e9a1769e096507 | D22: 6c3f3cf0-0043-4979-b688-cca7e7f55105 | E22: ŸäŸÑÿß ÿπŸàÿßŸÅŸä | F22: 731f4273-a000-45da-b73c-049e6b683305 | G22: 647411 | H22: STUDENT | I22: 70690 | J22: ŸÅÿßÿ±ÿ≥ ÿπŸàÿ∂Ÿá | L22: 1765863249819 | M22: 46007.232 | N22: 1 | O22: { "_id" : { "$oid" : "6940ef51b7e9a1769e096507" }, "id" : "6c3f3cf0-0043-4979-b688-cca7e7f55105", "text" : "ŸäŸÑÿß ÿπŸàÿßŸÅŸä", "chat_id" : "731f4273-a000-45da-b73c-049e6b683305", "creator_id" : 647411, "user_type" : "STUDENT", "metadata" : { "courseSessionId" : 70690 }, "creator_metadata" : { "name" : "ŸÅÿßÿ±ÿ≥ ÿπŸàÿ∂Ÿá", "avatarUrl" : { "url" : "https://cdn.studyatnoon.com/public/school_student/647411/79ee8fc4-175b-4e8f-a16a-22c46e72f4b1_thumbnail.jpeg" } }, "created_at" : { "$date" : 1765863249819 }, "_class" : "com.noon.noon2.entity.chat.ChatMessage" }
A23: I | B23: 46007.24 | C23: 6940f216b7e9a1769e09760d | D23: ca489ba2-b36d-49e5-a595-3641bff06a1b | E23: ÿ™ŸÉŸàŸÜ ŸÇÿßÿ¶ŸÖÿ©? | F23: 731f4273-a000-45da-b73c-049e6b683305 | G23: 648959 | H23: STUDENT | I23: 70690 | J23: ŸÉÿ±ŸÖ ÿ∫ŸÜÿßŸäŸÖ | L23: 1765863958366 | M23: 46007.24 | N23: 1 | O23: { "_id" : { "$oid" : "6940f216b7e9a1769e09760d" }, "id" : "ca489ba2-b36d-49e5-a595-3641bff06a1b", "text" : "ÿ™ŸÉŸàŸÜ ŸÇÿßÿ¶ŸÖÿ©?", "chat_id" : "731f4273-a000-45da-b73c-049e6b683305", "creator_id" : 648959, "user_type" : "STUDENT", "metadata" : { "courseSessionId" : 70690 }, "creator_metadata" : { "name" : "ŸÉÿ±ŸÖ ÿ∫ŸÜÿßŸäŸÖ", "avatarUrl" : { "url" : "https://cdn.studyatnoon.com/public/school_student/648959/52ad66e3-3d8e-4c9b-a8a2-98b299b1deed_thumbnail.jpeg" } }, "created_at" : { "$date" : 1765863958366 }, "_class" : "com.noon.noon2.entity.chat.ChatMessage" }
A24: I | B24: 46007.247 | C24: 6940f457b7e9a1769e098938 | D24: 8be35510-35af-4eba-9316-7c347cc5bb53 | E24: Ÿàÿßÿ∂ÿ≠ | F24: 731f4273-a000-45da-b73c-049e6b683305 | G24: 651452 | H24: STUDENT | I24: 70690 | J24: Ÿäÿßÿ≥ÿ± ÿßŸÑÿØŸàÿ≥ÿ±Ÿä | L24: 1765864535578 | M24: 46007.247 | N24: 1 | O24: { "_id" : { "$oid" : "6940f457b7e9a1769e098938" }, "id" : "8be35510-35af-4eba-9316-7c347cc5bb53", "text" : "Ÿàÿßÿ∂ÿ≠", "chat_id" : "731f4273-a000-45da-b73c-049e6b683305", "creator_id" : 651452, "user_type" : "STUDENT", "metadata" : { "courseSessionId" : 70690 }, "creator_metadata" : { "name" : "Ÿäÿßÿ≥ÿ± ÿßŸÑÿØŸàÿ≥ÿ±Ÿä", "avatarUrl" : { "url" : "https://cdn.studyatnoon.com/public/school_student/651452/68c8730e-3aca-4439-a443-238f88140bbb_thumbnail.jpeg" } }, "created_at" : { "$date" : 1765864535578 }, "_class" : "com.noon.noon2.entity.chat.ChatMessage" }
A25: I | B25: 46007.23 | C25: 6940eec3b7e9a1769e0962a0 | D25: b423edd6-15d0-4784-95e7-26102b08d626 | E25: ÿßŸÑÿµŸàÿ™ ŸäŸÇÿ∑ÿπ | F25: 731f4273-a000-45da-b73c-049e6b683305 | G25: 647426 | H25: STUDENT | I25: 70690 | J25: ÿπÿ®ÿØÿßŸÑŸÑŸá ÿ≥ÿπÿØ ÿßŸÑŸÇÿ≠ÿ∑ÿßŸÜŸä | L25: 1765863107017 | M25: 46007.23 | N25: 1 | O25: { "_id" : { "$oid" : "6940eec3b7e9a1769e0962a0" }, "id" : "b423edd6-15d0-4784-95e7-26102b08d626", "text" : "ÿßŸÑÿµŸàÿ™ ŸäŸÇÿ∑ÿπ", "chat_id" : "731f4273-a000-45da-b73c-049e6b683305", "creator_id" : 647426, "user_type" : "STUDENT", "metadata" : { "courseSessionId" : 70690 }, "creator_metadata" : { "name" : "ÿπÿ®ÿØÿßŸÑŸÑŸá ÿ≥ÿπÿØ ÿßŸÑŸÇÿ≠ÿ∑ÿßŸÜŸä ", "avatarUrl" : { "url" : "https://cdn.studyatnoon.com/public/school_student/647426/8943933c-34e4-4d14-87b7-b6cce6146924_thumbnail.jpeg" } }, "created_at" : { "$date" : 1765863107017 }, "_class" : "com.noon.noon2.entity.chat.ChatMessage" }
A26: I | B26: 46007.244 | C26: 6940f347b7e9a1769e0980c6 | D26: a78dc83c-6931-47c6-843c-fb6d5e68f59b | E26: ÿØÿ®ŸÑ | F26: 731f4273-a000-45da-b73c-049e6b683305 | G26: 657525 | H26: STUDENT | I26: 70690 | J26: ŸÅŸáÿØ ÿßŸÑÿ≥ŸÜŸäÿØŸä | L26: 1765864263265 | M26: 46007.244 | N26: 1 | O26: { "_id" : { "$oid" : "6940f347b7e9a1769e0980c6" }, "id" : "a78dc83c-6931-47c6-843c-fb6d5e68f59b", "text" : "ÿØÿ®ŸÑ", "chat_id" : "731f4273-a000-45da-b73c-049e6b683305", "creator_id" : 657525, "user_type" : "STUDENT", "metadata" : { "courseSessionId" : 70690 }, "creator_metadata" : { "name" : "ŸÅŸáÿØ ÿßŸÑÿ≥ŸÜŸäÿØŸä", "avatarUrl" : { "url" : "https://cdn.non.sa/images/avatar/male/2.png" } }, "created_at" : { "$date" : 1765864263265 }, "_class" : "com.noon.noon2.entity.chat.ChatMessage" }
A27: I | B27: 46007.247 | C27: 6940f480b7e9a1769e098a7a | D27: 656f5132-beea-440f-8b23-00e2e62f393b | E27: 110 | F27: 731f4273-a000-45da-b73c-049e6b683305 | G27: 652934 | H27: STUDENT | I27: 70690 | J27: ÿπÿ®ÿØÿßŸÑŸÑŸá ÿßŸÑŸáÿßÿ¨ÿ±Ÿä | L27: 1765864576667 | M27: 46007.247 | N27: 1 | O27: { "_id" : { "$oid" : "6940f480b7e9a1769e098a7a" }, "id" : "656f5132-beea-440f-8b23-00e2e62f393b", "text" : "110", "chat_id" : "731f4273-a000-45da-b73c-049e6b683305", "creator_id" : 652934, "user_type" : "STUDENT", "metadata" : { "courseSessionId" : 70690 }, "creator_metadata" : { "name" : "ÿπÿ®ÿØÿßŸÑŸÑŸá ÿßŸÑŸáÿßÿ¨ÿ±Ÿä", "avatarUrl" : { "url" : "https://cdn.studyatnoon.com/public/school_student/652934/fd4bf2e8-3c23-4481-b3e2-2d9e010383ce_thumbnail.jpeg" } }, "created_at" : { "$date" : 1765864576667 }, "_class" : "com.noon.noon2.entity.chat.ChatMessage" }
A28: I | B28: 46007.258 | C28: 6940f7f9b7e9a1769e09aebb | D28: f6951c78-7ae0-46e7-a496-eea2fe19b9a1 | E28: ÿ™ŸÇÿØÿ± ÿ™ÿπŸäÿØ ÿü | F28: 731f4273-a000-45da-b73c-049e6b683305 | G28: 657525 | H28: STUDENT | I28: 70690 | J28: ŸÅŸáÿØ ÿßŸÑÿ≥ŸÜŸäÿØŸä | L28: 1765865465710 | M28: 46007.258 | N28: 1 | O28: { "_id" : { "$oid" : "6940f7f9b7e9a1769e09aebb" }, "id" : "f6951c78-7ae0-46e7-a496-eea2fe19b9a1", "text" : "ÿ™ŸÇÿØÿ± ÿ™ÿπŸäÿØ ÿü", "chat_id" : "731f4273-a000-45da-b73c-049e6b683305", "creator_id" : 657525, "user_type" : "STUDENT", "metadata" : { "courseSessionId" : 70690 }, "creator_metadata" : { "name" : "ŸÅŸáÿØ ÿßŸÑÿ≥ŸÜŸäÿØŸä", "avatarUrl" : { "url" : "https://cdn.non.sa/images/avatar/male/2.png" } }, "created_at" : { "$date" : 1765865465710 }, "_class" : "com.noon.noon2.entity.chat.ChatMessage" }
A29: I | B29: 46007.231 | C29: 6940eee5b7e9a1769e096361 | D29: f1b74cb4-a8fd-4eaa-b666-98ad8da7e01c | E29: ŸÜÿµ ŸÜÿµ | F29: 731f4273-a000-45da-b73c-049e6b683305 | G29: 647426 | H29: STUDENT | I29: 70690 | J29: ÿπÿ®ÿØÿßŸÑŸÑŸá ÿ≥ÿπÿØ ÿßŸÑŸÇÿ≠ÿ∑ÿßŸÜŸä | L29: 1765863141635 | M29: 46007.231 | N29: 1 | O29: { "_id" : { "$oid" : "6940eee5b7e9a1769e096361" }, "id" : "f1b74cb4-a8fd-4eaa-b666-98ad8da7e01c", "text" : "ŸÜÿµ ŸÜÿµ", "chat_id" : "731f4273-a000-45da-b73c-049e6b683305", "creator_id" : 647426, "user_type" : "STUDENT", "metadata" : { "courseSessionId" : 70690 }, "creator_metadata" : { "name" : "ÿπÿ®ÿØÿßŸÑŸÑŸá ÿ≥ÿπÿØ ÿßŸÑŸÇÿ≠ÿ∑ÿßŸÜŸä ", "avatarUrl" : { "url" : "https://cdn.studyatnoon.com/public/school_student/647426/8943933c-34e4-4d14-87b7-b6cce6146924_thumbnail.jpeg" } }, "created_at" : { "$date" : 1765863141635 }, "_class" : "com.noon.noon2.entity.chat.ChatMessage" }
A30: I | B30: 46007.252 | C30: 6940f5e5b7e9a1769e099864 | D30: c09e4fe5-d211-4ca0-b954-b12f74be983e | E30: ŸÖŸÜŸä ÿ¥ÿßŸäŸÅ ÿ¥Ÿä | F30: 731f4273-a000-45da-b73c-049e6b683305 | G30: 647411 | H30: STUDENT | I30: 70690 | J30: ŸÅÿßÿ±ÿ≥ ÿπŸàÿ∂Ÿá | L30: 1765864933426 | M30: 46007.252 | N30: 1 | O30: { "_id" : { "$oid" : "6940f5e5b7e9a1769e099864" }, "id" : "c09e4fe5-d211-4ca0-b954-b12f74be983e", "text" : "ŸÖŸÜŸä ÿ¥ÿßŸäŸÅ ÿ¥Ÿä", "chat_id" : "731f4273-a000-45da-b73c-049e6b683305", "creator_id" : 647411, "user_type" : "STUDENT", "metadata" : { "courseSessionId" : 70690 }, "creator_metadata" : { "name" : "ŸÅÿßÿ±ÿ≥ ÿπŸàÿ∂Ÿá", "avatarUrl" : { "url" : "https://cdn.studyatnoon.com/public/school_student/647411/79ee8fc4-175b-4e8f-a16a-22c46e72f4b1_thumbnail.jpeg" } }, "created_at" : { "$date" : 1765864933426 }, "_class" : "com.noon.noon2.entity.chat.ChatMessage" }
A31: I | B31: 46007.23 | C31: 6940eeb4b7e9a1769e096229 | D31: 747f89af-941d-4580-a114-1dc5b29a86b2 | E31: ÿßŸÑÿ≥ŸÑÿßŸÖ ÿπŸÑŸäŸÉŸÖ Ÿàÿ±ÿ≠ŸÖŸá ÿßŸÑŸÑŸá Ÿàÿ®ÿ±ŸÉÿßÿ™Ÿá | F31: 731f4273-a000-45da-b73c-049e6b683305 | G31: 652934 | H31: STUDENT | I31: 70690 | J31: ÿπÿ®ÿØÿßŸÑŸÑŸá ÿßŸÑŸáÿßÿ¨ÿ±Ÿä | L31: 1765863092427 | M31: 46007.23 | N31: 1 | O31: { "_id" : { "$oid" : "6940eeb4b7e9a1769e096229" }, "id" : "747f89af-941d-4580-a114-1dc5b29a86b2", "text" : "ÿßŸÑÿ≥ŸÑÿßŸÖ ÿπŸÑŸäŸÉŸÖ Ÿàÿ±ÿ≠ŸÖŸá ÿßŸÑŸÑŸá Ÿàÿ®ÿ±ŸÉÿßÿ™Ÿá", "chat_id" : "731f4273-a000-45da-b73c-049e6b683305", "creator_id" : 652934, "user_type" : "STUDENT", "metadata" : { "courseSessionId" : 70690 }, "creator_metadata" : { "name" : "ÿπÿ®ÿØÿßŸÑŸÑŸá ÿßŸÑŸáÿßÿ¨ÿ±Ÿä", "avatarUrl" : { "url" : "https://cdn.studyatnoon.com/public/school_student/652934/fd4bf2e8-3c23-4481-b3e2-2d9e010383ce_thumbnail.jpeg" } }, "created_at" : { "$date" : 1765863092427 }, "_class" : "com.noon.noon2.entity.chat.ChatMessage" }
A32: I | B32: 46007.231 | C32: 6940eeceb7e9a1769e0962e9 | D32: 6bd03f82-aae4-4c67-bc54-e433e93ee229 | E32: ÿπŸÑŸäŸÉŸÖ ÿßŸÑÿ≥ŸÑÿßŸÖ Ÿàÿ±ÿ≠ŸÖÿ© ÿßŸÑŸÑŸá Ÿàÿ®ÿ±ŸÉÿßÿ™Ÿá | F32: 731f4273-a000-45da-b73c-049e6b683305 | G32: 636745 | H32: TEACHER | I32: 70690 | J32: ÿ£.ÿπÿ®ÿØÿßŸÑÿ±ÿ≤ÿßŸÇ ÿßŸÑÿ¥ÿ±ŸäŸÅ | L32: 1765863118519 | M32: 46007.231 | N32: 1 | O32: { "_id" : { "$oid" : "6940eeceb7e9a1769e0962e9" }, "id" : "6bd03f82-aae4-4c67-bc54-e433e93ee229", "text" : "ÿπŸÑŸäŸÉŸÖ ÿßŸÑÿ≥ŸÑÿßŸÖ Ÿàÿ±ÿ≠ŸÖÿ© ÿßŸÑŸÑŸá Ÿàÿ®ÿ±ŸÉÿßÿ™Ÿá", "chat_id" : "731f4273-a000-45da-b73c-049e6b683305", "creator_id" : 636745, "user_type" : "TEACHER", "metadata" : { "courseSessionId" : 70690 }, "creator_metadata" : { "name" : "ÿ£.ÿπÿ®ÿØÿßŸÑÿ±ÿ≤ÿßŸÇ ÿßŸÑÿ¥ÿ±ŸäŸÅ ", "avatarUrl" : { "url" : "https://cdn.studyatnoon.com/public/teacher/636745/e5735caf-25ba-4804-9b29-25486f32a264_thumbnail.jpeg" } }, "created_at" : { "$date" : 1765863118519 }, "_class" : "com.noon.noon2.entity.chat.ChatMessage" }
A33: I | B33: 46007.238 | C33: 6940f134b7e9a1769e096ffd | D33: ff324471-3db3-4e2f-b80f-209c963afd57 | E33: Ÿàÿßÿ∂ÿ≠ | F33: 731f4273-a000-45da-b73c-049e6b683305 | G33: 647499 | H33: STUDENT | I33: 70690 | J33: ÿπÿ®ÿØÿßŸÑÿ±ÿ≠ŸÖŸÜ ÿßŸÑÿ∫ÿßŸÜŸÖ | L33: 1765863732570 | M33: 46007.238 | N33: 1 | O33: { "_id" : { "$oid" : "6940f134b7e9a1769e096ffd" }, "id" : "ff324471-3db3-4e2f-b80f-209c963afd57", "text" : "Ÿàÿßÿ∂ÿ≠", "chat_id" : "731f4273-a000-45da-b73c-049e6b683305", "creator_id" : 647499, "user_type" : "STUDENT", "metadata" : { "courseSessionId" : 70690 }, "creator_metadata" : { "name" : "ÿπÿ®ÿØÿßŸÑÿ±ÿ≠ŸÖŸÜ ÿßŸÑÿ∫ÿßŸÜŸÖ", "avatarUrl" : { "url" : "https://cdn.studyatnoon.com/public/school_student/647499/ce667997-10c3-4998-a42b-f2051d491a6f_thumbnail.jpeg" } }, "created_at" : { "$date" : 1765863732570 }, "_class" : "com.noon.noon2.entity.chat.ChatMessage" }
A34: I | B34: 46007.231 | C34: 6940eedeb7e9a1769e096327 | D34: 4feb8b47-5d52-4dd4-917e-3b57b4787cd7 | E34: ŸÑÿ≥ÿß | F34: 731f4273-a000-45da-b73c-049e6b683305 | G34: 647411 | H34: STUDENT | I34: 70690 | J34: ŸÅÿßÿ±ÿ≥ ÿπŸàÿ∂Ÿá | L34: 1765863134684 | M34: 46007.231 | N34: 1 | O34: { "_id" : { "$oid" : "6940eedeb7e9a1769e096327" }, "id" : "4feb8b47-5d52-4dd4-917e-3b57b4787cd7", "text" : "ŸÑÿ≥ÿß", "chat_id" : "731f4273-a000-45da-b73c-049e6b683305", "creator_id" : 647411, "user_type" : "STUDENT", "metadata" : { "courseSessionId" : 70690 }, "creator_metadata" : { "name" : "ŸÅÿßÿ±ÿ≥ ÿπŸàÿ∂Ÿá", "avatarUrl" : { "url" : "https://cdn.studyatnoon.com/public/school_student/647411/79ee8fc4-175b-4e8f-a16a-22c46e72f4b1_thumbnail.jpeg" } }, "created_at" : { "$date" : 1765863134684 }, "_class" : "com.noon.noon2.entity.chat.ChatMessage" }
A35: I | B35: 46007.238 | C35: 6940f17db7e9a1769e097170 | D35: d207153e-b089-45a9-9b4d-bcccd4fb7f22 | E35: Ÿàÿßÿ∂ÿ≠ | F35: 731f4273-a000-45da-b73c-049e6b683305 | G35: 651452 | H35: STUDENT | I35: 70690 | J35: Ÿäÿßÿ≥ÿ± ÿßŸÑÿØŸàÿ≥ÿ±Ÿä | L35: 1765863805912 | M35: 46007.238 | N35: 1 | O35: { "_id" : { "$oid" : "6940f17db7e9a1769e097170" }, "id" : "d207153e-b089-45a9-9b4d-bcccd4fb7f22", "text" : "Ÿàÿßÿ∂ÿ≠", "chat_id" : "731f4273-a000-45da-b73c-049e6b683305", "creator_id" : 651452, "user_type" : "STUDENT", "metadata" : { "courseSessionId" : 70690 }, "creator_metadata" : { "name" : "Ÿäÿßÿ≥ÿ± ÿßŸÑÿØŸàÿ≥ÿ±Ÿä", "avatarUrl" : { "url" : "https://cdn.studyatnoon.com/public/school_student/651452/68c8730e-3aca-4439-a443-238f88140bbb_thumbnail.jpeg" } }, "created_at" : { "$date" : 1765863805912 }, "_class" : "com.noon.noon2.entity.chat.ChatMessage" }
A36: I | B36: 46007.242 | C36: 6940f298b7e9a1769e0979a4 | D36: eb667897-4c9b-4c94-81e0-3eb04222df28 | E36: ÿ∑Ÿäÿ® ÿßŸÑÿ´ÿßŸÑÿ´ | F36: 731f4273-a000-45da-b73c-049e6b683305 | G36: 647411 | H36: STUDENT | I36: 70690 | J36: ŸÅÿßÿ±ÿ≥ ÿπŸàÿ∂Ÿá | L36: 1765864088471 | M36: 46007.242 | N36: 1 | O36: { "_id" : { "$oid" : "6940f298b7e9a1769e0979a4" }, "id" : "eb667897-4c9b-4c94-81e0-3eb04222df28", "text" : "ÿ∑Ÿäÿ® ÿßŸÑÿ´ÿßŸÑÿ´", "chat_id" : "731f4273-a000-45da-b73c-049e6b683305", "creator_id" : 647411, "user_type" : "STUDENT", "metadata" : { "courseSessionId" : 70690 }, "creator_metadata" : { "name" : "ŸÅÿßÿ±ÿ≥ ÿπŸàÿ∂Ÿá", "avatarUrl" : { "url" : "https://cdn.studyatnoon.com/public/school_student/647411/79ee8fc4-175b-4e8f-a16a-22c46e72f4b1_thumbnail.jpeg" } }, "created_at" : { "$date" : 1765864088471 }, "_class" : "com.noon.noon2.entity.chat.ChatMessage" }
A37: I | B37: 46007.239 | C37: 6940f18eb7e9a1769e0971d6 | D37: b7fdd57f-136d-4949-8ad1-19b37dfa2bea | E37: ŸÖÿß ŸÅŸáŸÖÿ™Ÿáÿß ŸÖÿ±Ÿá Ÿäÿß ÿßÿ≥ÿ™ÿßÿ∞ | F37: 731f4273-a000-45da-b73c-049e6b683305 | G37: 652934 | H37: STUDENT | I37: 70690 | J37: ÿπÿ®ÿØÿßŸÑŸÑŸá ÿßŸÑŸáÿßÿ¨ÿ±Ÿä | L37: 1765863822687 | M37: 46007.239 | N37: 1 | O37: { "_id" : { "$oid" : "6940f18eb7e9a1769e0971d6" }, "id" : "b7fdd57f-136d-4949-8ad1-19b37dfa2bea", "text" : "ŸÖÿß ŸÅŸáŸÖÿ™Ÿáÿß ŸÖÿ±Ÿá Ÿäÿß ÿßÿ≥ÿ™ÿßÿ∞", "chat_id" : "731f4273-a000-45da-b73c-049e6b683305", "creator_id" : 652934, "user_type" : "STUDENT", "metadata" : { "courseSessionId" : 70690 }, "creator_metadata" : { "name" : "ÿπÿ®ÿØÿßŸÑŸÑŸá ÿßŸÑŸáÿßÿ¨ÿ±Ÿä", "avatarUrl" : { "url" : "https://cdn.studyatnoon.com/public/school_student/652934/fd4bf2e8-3c23-4481-b3e2-2d9e010383ce_thumbnail.jpeg" } }, "created_at" : { "$date" : 1765863822687 }, "_class" : "com.noon.noon2.entity.chat.ChatMessage" }
A38: I | B38: 46007.241 | C38: 6940f230b7e9a1769e0976de | D38: 05a77bc3-1fb4-4b99-93db-bb2fed8f324c | E38: ÿØÿßÿÆŸÑ ÿßŸÑÿØÿßÿ¶ÿ±ÿ© | F38: 731f4273-a000-45da-b73c-049e6b683305 | G38: 648959 | H38: STUDENT | I38: 70690 | J38: ŸÉÿ±ŸÖ ÿ∫ŸÜÿßŸäŸÖ | L38: 1765863984122 | M38: 46007.241 | N38: 1 | O38: { "_id" : { "$oid" : "6940f230b7e9a1769e0976de" }, "id" : "05a77bc3-1fb4-4b99-93db-bb2fed8f324c", "text" : "ÿØÿßÿÆŸÑ ÿßŸÑÿØÿßÿ¶ÿ±ÿ©", "chat_id" : "731f4273-a000-45da-b73c-049e6b683305", "creator_id" : 648959, "user_type" : "STUDENT", "metadata" : { "courseSessionId" : 70690 }, "creator_metadata" : { "name" : "ŸÉÿ±ŸÖ ÿ∫ŸÜÿßŸäŸÖ", "avatarUrl" : { "url" : "https://cdn.studyatnoon.com/public/school_student/648959/52ad66e3-3d8e-4c9b-a8a2-98b299b1deed_thumbnail.jpeg" } }, "created_at" : { "$date" : 1765863984122 }, "_class" : "com.noon.noon2.entity.chat.ChatMessage" }
A39: I | B39: 46007.258 | C39: 6940f7f0b7e9a1769e09ae22 | D39: dce593b8-4225-4a03-a4c7-8f0f8f62cf53 | E39: Ÿàÿßÿ∂ÿ≠ | F39: 731f4273-a000-45da-b73c-049e6b683305 | G39: 648959 | H39: STUDENT | I39: 70690 | J39: ŸÉÿ±ŸÖ ÿ∫ŸÜÿßŸäŸÖ | L39: 1765865456674 | M39: 46007.258 | N39: 1 | O39: { "_id" : { "$oid" : "6940f7f0b7e9a1769e09ae22" }, "id" : "dce593b8-4225-4a03-a4c7-8f0f8f62cf53", "text" : "Ÿàÿßÿ∂ÿ≠", "chat_id" : "731f4273-a000-45da-b73c-049e6b683305", "creator_id" : 648959, "user_type" : "STUDENT", "metadata" : { "courseSessionId" : 70690 }, "creator_metadata" : { "name" : "ŸÉÿ±ŸÖ ÿ∫ŸÜÿßŸäŸÖ", "avatarUrl" : { "url" : "https://cdn.studyatnoon.com/public/school_student/648959/52ad66e3-3d8e-4c9b-a8a2-98b299b1deed_thumbnail.jpeg" } }, "created_at" : { "$date" : 1765865456674 }, "_class" : "com.noon.noon2.entity.chat.ChatMessage" }
... A43: I | B43: 46007.233 | C43: 6940ef8eb7e9a1769e096689 | D43: 01055b17-d254-48ab-b720-743b7fd36513 | E43: ŸÅŸä ÿ≠ÿ®ÿßÿ± | F43: 731f4273-a000-45da-b73c-049e6b683305 | G43: 647411 | H43: STUDENT | I43: 70690 | J43: ŸÅÿßÿ±ÿ≥ ÿπŸàÿ∂Ÿá | L43: 1765863310779 | M43: 46007.233 | N43: 1 | O43: { "_id" : { "$oid" : "6940ef8eb7e9a1769e096689" }, "id" : "01055b17-d254-48ab-b720-743b7fd36513", "text" : "ŸÅŸä ÿ≠ÿ®ÿßÿ±", "chat_id" : "731f4273-a000-45da-b73c-049e6b683305", "creator_id" : 647411, "user_type" : "STUDENT", "metadata" : { "courseSessionId" : 70690 }, "creator_metadata" : { "name" : "ŸÅÿßÿ±ÿ≥ ÿπŸàÿ∂Ÿá", "avatarUrl" : { "url" : "https://cdn.studyatnoon.com/public/school_student/647411/79ee8fc4-175b-4e8f-a16a-22c46e72f4b1_thumbnail.jpeg" } }, "created_at" : { "$date" : 1765863310779 }, "_class" : "com.noon.noon2.entity.chat.ChatMessage" }

Sheet f_course_session_70690
A1: course_session_id | B1: course_id | C1: course_session_name | D1: course_session_content_type | E1: course_session_class_type | F1: is_course_session_paid | G1: course_session_type | H1: course_teacher_id | I1: course_session_teacher_id | J1: course_session_scheduled_start_time | K1: course_session_scheduled_end_time | L1: room_open_time | M1: room_end_time | N1: teacher_start_time | O1: teacher_end_time | P1: teaching_time | Q1: session_time | R1: avg_active_time_per_student | S1: median_active_time_per_student | T1: course_session_status | U1: course_section_id | V1: room_ids | W1: main_room_id | X1: total_segments | Y1: total_breakouts | Z1: total_breakouts_happened | AA1: feature_avg_active_duration | AB1: feature_median_active_duration | AC1: activity_feature_avg_active_duration | AD1: activity_feature_median_active_duration | AE1: session_slide_id_list | AF1: chapter_ids | AG1: topic_ids | AH1: sub_topic_ids | AI1: is_course_session_deleted | AJ1: is_course_deleted | AK1: created_at | AL1: positive_users | AM1: negative_users | AN1: neutral_users | AO1: session_temperature
A2: 70690 | B2: 14796 | C2: الدائرةL2 | E2: LIVE_CLASS | F2: 0 | G2: HYBRID | H2: 636745 | I2: 636745 | J2: 2025-12-16T05:30:00 | K2: 2025-12-16T06:15:00 | L2: 2025-12-16T05:15:00 | M2: 2025-12-16T06:18:43 | N2: 2025-12-16T05:28:44 | O2: 2025-12-16T06:18:43 | P2: 49.98 | Q2: 49.98 | R2: 11.84 | S2: 12.45 | T2: ended | U2: 10372 | V2: [54332] | W2: 54332 | X2: 1 | Y2: 0 | Z2: 0 | AA2: {"REACTION":104823,"TEAM_CHEER":130126,"MESSAGE":75817,"ACTIVITY_START":427914,"ZOOM_IN":38426,"STAGE_TIME":19757,"STUDENT_CHEER":6288,"SLIDE_PREVIEW":4233} | AB2: {"REACTION":120000,"TEAM_CHEER":300000,"MESSAGE":60000,"ACTIVITY_START":448777,"ZOOM_IN":59487,"STAGE_TIME":127655,"STUDENT_CHEER":30000,"SLIDE_PREVIEW":10700} | AC2: {"1396620":{"ZOOM_IN":11367},"1396625":{"SLIDE_PREVIEW":1539,"REACTION":1304},"1396621":{"ZOOM_IN":11402},"1396623":{"ZOOM_IN":1304},"1396622":{"SLIDE_PREVIEW":2101}} | AD2: {"1396620":{"ZOOM_IN":33536},"1396625":{"SLIDE_PREVIEW":8824,"REACTION":30000},"1396621":{"ZOOM_IN":52413},"1396623":{"ZOOM_IN":30000},"1396622":{"SLIDE_PREVIEW":48324}} | AE2: [1396599, 1396600, 1396613, 1396601, 1396602, 1396603, 1396604, 1396619, 1396625, 1396605, 1396606, 1396607, 1396618, 1396624, 1396608, 1396617, 1396623, 1396609, 1396610, 1396611, 1396616, 1396622, 1396621, 1396612, 1396620, 1396614, 1396615] | AF2: [2851] | AG2: [15061] | AH2: [] | AI2: 0 | AJ2: 0 | AK2: 2025-12-11T10:34:54 | AL2: 16 | AM2: 1 | AN2: 4 | AO2: 71
